ID,Name,Sex,Team,NOC,Games,Year,Season,City,Sport,Event,Medal,age,height,weight,anomalies
5749.0,Valentina Atanaskovski,F,Yugoslavia,YUG,1984 Summer,1984.0,Summer,Los Angeles,Shooting,"Shooting Women's Air Rifle, 10 metres",,22.0,168.0,68.0,1
7006.0,Veljko Bakaun,M,Yugoslavia,YUG,1952 Summer,1952.0,Summer,Helsinki,Water Polo,Water Polo Men's Water Polo,Silver,21.0,158.0,47.0,1
2507.0,Dmitry Sergeyevich Alekseyev,M,Soviet Union-1,URS,1988 Winter,1988.0,Winter,Calgary,Luge,Luge Mixed (Men)'s Doubles,,27.0,176.0,63.0,1
3326.0,Eyawomano Doreen Amata,F,Nigeria,NGR,2016 Summer,2016.0,Summer,Rio de Janeiro,Athletics,Athletics Women's High Jump,,28.0,181.0,85.0,1
3187.0,Roberto Adolfo Alvrez Hojel,M,Mexico,MEX,1992 Winter,1992.0,Winter,Albertville,Cross Country Skiing,Cross Country Skiing Men's 10 kilometres,,24.0,166.0,58.0,1
2505.0,Aleksandr Yuryevich Alekseyev,M,Belarus,BLR,1998 Winter,1998.0,Winter,Nagano,Ice Hockey,Ice Hockey Men's Ice Hockey,,25.0,187.0,87.0,1
2638.0,Axel Alfredsson,M,Sweden,SWE,1924 Summer,1924.0,Summer,Paris,Football,Football Men's Football,Bronze,24.0,178.0,68.0,1
7037.0,"Reginald Leslie ""Snowy"" Baker",M,Australasia,ANZ,1908 Summer,1908.0,Summer,London,Swimming,Swimming Men's 4 x 200 metres Freestyle Relay,,24.0,177.0,64.0,1
6112.0,Eulalio Avila Senz,M,Mexico,MEX,1964 Summer,1964.0,Summer,Tokyo,Basketball,Basketball Men's Basketball,,23.0,179.0,70.0,1
5650.0,Dina Aspandiyarova,F,Australia,AUS,2008 Summer,2008.0,Summer,Beijing,Shooting,"Shooting Women's Air Pistol, 10 metres",,25.0,175.0,61.0,1
3434.0,Henry Amike,M,Nigeria,NGR,1988 Summer,1988.0,Summer,Seoul,Athletics,Athletics Men's 4 x 400 metres Relay,,34.0,155.0,62.0,1
4499.0,Adam Antes,M,Germany,GER,1932 Summer,1932.0,Summer,Los Angeles,Art Competitions,"Art Competitions Mixed Sculpturing, Unknown Event",,19.0,171.0,67.0,1
6619.0,Edgar Hugh Bacon,M,Great Britain,GBR,1908 Summer,1908.0,Summer,London,Wrestling,"Wrestling Men's Middleweight, Freestyle",,16.0,165.0,53.0,1
5280.0,Luis Arredondo Cepeda,M,Mexico,MEX,1972 Summer,1972.0,Summer,Munich,Judo,Judo Men's Middleweight,,26.0,170.0,60.0,1
746.0,Goro Adachi,M,Japan,JPN,1932 Winter,1932.0,Winter,Lake Placid,Ski Jumping,"Ski Jumping Men's Normal Hill, Individual",,24.0,175.0,68.0,1
3494.0,"Judith Florence ""Judy"" Amoore-Pollock",F,Australia,AUS,1976 Summer,1976.0,Summer,Montreal,Athletics,Athletics Women's 800 metres,,27.0,194.0,122.5,1
1491.0,Alessandro Aimar,M,Italy,ITA,1992 Summer,1992.0,Summer,Barcelona,Athletics,Athletics Men's 4 x 400 metres Relay,,21.0,178.0,78.0,1
6998.0,Salaheddine Bakar Al-Safi,M,Qatar,QAT,2000 Summer,2000.0,Summer,Sydney,Athletics,Athletics Men's 400 metres,,20.0,172.0,54.0,1
2159.0,Barakat Salim Al-Sharji,M,Oman,OMA,1984 Summer,1984.0,Summer,Los Angeles,Athletics,Athletics Men's 4 x 400 metres Relay,,27.0,163.0,55.0,1
1885.0,Ramzy Al-Duhami,M,Saudi Arabia,KSA,2008 Summer,2008.0,Summer,Beijing,Equestrianism,"Equestrianism Mixed Jumping, Team",,30.0,178.0,110.0,1
6734.0,Baek Myeong-Seon,F,South Korea,KOR,1976 Summer,1976.0,Summer,Montreal,Volleyball,Volleyball Women's Volleyball,Bronze,35.0,161.0,58.0,1
903.0,Carolyn Adel,F,Suriname,SUR,1996 Summer,1996.0,Summer,Atlanta,Swimming,Swimming Women's 400 metres Freestyle,,23.0,181.0,61.0,1
2586.0,Rnar (Ruslan-) Alexandersson (Ovtinnikov-),M,Iceland,ISL,2004 Summer,2004.0,Summer,Athina,Gymnastics,Gymnastics Men's Pommelled Horse,,27.0,179.0,62.0,1
959.0,Christian Donfack Adjoufack,M,Cameroon,CMR,2012 Summer,2012.0,Summer,London,Boxing,Boxing Men's Light-Heavyweight,,21.0,179.0,70.0,1
6203.0,Alpaslan Ayan,M,Turkey,TUR,1988 Summer,1988.0,Summer,Seoul,Judo,Judo Men's Lightweight,,32.0,178.0,67.0,1
1479.0,Pasquale Aiese,M,Italy,ITA,1984 Summer,1984.0,Summer,Los Angeles,Rowing,Rowing Men's Coxless Pairs,,26.0,188.0,87.0,1
2735.0,Sergey Gennadyevich Alifirenko,M,Russia,RUS,2004 Summer,2004.0,Summer,Athina,Shooting,"Shooting Men's Rapid-Fire Pistol, 25 metres",Bronze,25.0,168.0,53.0,1
357.0,Yusup Abdusalomov,M,Tajikistan,TJK,2004 Summer,2004.0,Summer,Athina,Wrestling,"Wrestling Men's Middleweight, Freestyle",,23.0,175.0,64.0,1
21.0,Ragnhild Margrethe Aamodt,F,Norway,NOR,2008 Summer,2008.0,Summer,Beijing,Handball,Handball Women's Handball,Gold,35.0,191.0,94.0,-1
4614.0,Mohamad Khairul Anuar,M,Malaysia,MAS,2012 Summer,2012.0,Summer,London,Archery,Archery Men's Team,,16.0,164.0,52.0,1
3319.0,Jaime Santiago Amat Durn,M,Spain,ESP,2000 Summer,2000.0,Summer,Sydney,Hockey,Hockey Men's Hockey,,22.0,170.0,56.0,1
5632.0,Brahim Asloum,M,France,FRA,2000 Summer,2000.0,Summer,Sydney,Boxing,Boxing Men's Light-Flyweight,Gold,21.0,176.0,73.0,1
6237.0,Peter Ayesu,M,Malawi,MAW,1988 Summer,1988.0,Summer,Seoul,Boxing,Boxing Men's Flyweight,,23.0,167.0,50.0,1
1972.0,Mohamed Al-Jahani,M,Saudi Arabia,KSA,1996 Summer,1996.0,Summer,Atlanta,Football,Football Men's Football,,21.0,173.0,62.0,1
5558.0,"David Michael ""Dave"" Ashleigh",M,United States,USA,1964 Summer,1964.0,Summer,Tokyo,Water Polo,Water Polo Men's Water Polo,,26.0,177.0,72.0,1
2462.0,Flix Alegra,M,Chile,CHI,1912 Summer,1912.0,Summer,Stockholm,Shooting,"Shooting Men's Military Rifle, Three Positions, 300 metres",,22.0,173.0,64.0,1
3124.0,Dorin Alupei,M,Romania,ROU,2000 Summer,2000.0,Summer,Sydney,Rowing,Rowing Men's Coxed Eights,,28.0,183.0,95.0,1
1067.0,Hamed Afagh Eslamieh,M,Iran,IRI,2008 Summer,2008.0,Summer,Beijing,Basketball,Basketball Men's Basketball,,31.0,170.0,56.0,1
2185.0,Mohamed Issa Al-Thawadi,M,Qatar,QAT,2008 Summer,2008.0,Summer,Beijing,Athletics,Athletics Men's 110 metres Hurdles,,30.0,180.0,77.0,1
4489.0,Ferenc Antalovics,M,Hungary,HUN,1980 Summer,1980.0,Summer,Moskva,Weightlifting,Weightlifting Men's Middle-Heavyweight,,27.0,183.0,73.0,1
358.0,Fawzi Abdussalam,M,Libya,LBA,1980 Summer,1980.0,Summer,Moskva,Cycling,Cycling Men's Sprint,,23.0,168.0,67.0,1
2014.0,Sayed Mubarak Mufta Mubarak Al-Kuwari,M,Qatar,QAT,1992 Summer,1992.0,Summer,Barcelona,Athletics,Athletics Men's 200 metres,,24.0,164.0,50.0,1
5524.0,Vitus Ashaba,M,Uganda,UGA,1972 Summer,1972.0,Summer,Munich,Athletics,"Athletics Men's 1,500 metres",,25.0,190.0,93.0,1
3948.0,Bo Lennart Andersson,M,Sweden,SWE,1996 Summer,1996.0,Summer,Atlanta,Shooting,"Shooting Men's Air Pistol, 10 metres",,24.0,175.0,69.0,1
3150.0,"Eduardo C. ""Eddy"" Alvarez",M,United States,USA,2014 Winter,2014.0,Winter,Sochi,Short Track Speed Skating,Short Track Speed Skating Men's 500 metres,,29.0,168.0,57.0,1
207.0,Mohamed Fathallah Abdel Rahman,M,Egypt,EGY,1952 Summer,1952.0,Summer,Helsinki,Fencing,"Fencing Men's epee, Individual",,29.0,188.0,90.0,1
2812.0,"David ""Dave"" Allardice",M,Great Britain,GBR,2002 Winter,2002.0,Winter,Salt Lake City,Short Track Speed Skating,Short Track Speed Skating Men's 500 metres,,32.0,178.0,68.0,1
7151.0,Helena Balatkov-Erbenov,F,Czech Republic,CZE,2002 Winter,2002.0,Winter,Salt Lake City,Cross Country Skiing,Cross Country Skiing Women's 15 kilometres,,24.0,180.0,71.0,1
443.0,Ismail Abilov (-Nizamolu),M,Bulgaria,BUL,1976 Summer,1976.0,Summer,Montreal,Wrestling,"Wrestling Men's Middleweight, Freestyle",,22.0,176.0,60.0,1
2702.0,Syed Ali,M,India,IND,1976 Summer,1976.0,Summer,Montreal,Hockey,Hockey Men's Hockey,,27.0,174.0,68.0,-1
887.0,James Aryee Addy,M,Ghana,GHA,1972 Summer,1972.0,Summer,Munich,Athletics,Athletics Men's 200 metres,,35.0,179.0,77.0,1
6713.0,Bae Gi-Ung,M,South Korea,KOR,1996 Summer,1996.0,Summer,Atlanta,Boxing,Boxing Men's Bantamweight,,24.0,180.0,66.0,1
3653.0,Virginia Anchestegui Rabasa,F,Mexico,MEX,1972 Summer,1972.0,Summer,Munich,Swimming,Swimming Women's 4 x 100 metres Freestyle Relay,,24.0,177.0,58.0,1
362.0,Isao Ko Abe,M,Japan,JPN,1936 Summer,1936.0,Summer,Berlin,Athletics,Athletics Men's Hammer Throw,,22.0,180.0,69.0,1
5029.0,Agustn Argote Marqunez,M,Spain,ESP,1948 Summer,1948.0,Summer,London,Boxing,Boxing Men's Lightweight,,47.0,183.0,79.0,1
4349.0,Max Angst,M,Switzerland-2,SUI,1956 Winter,1956.0,Winter,Cortina d'Ampezzo,Bobsleigh,Bobsleigh Men's Four,,20.0,168.0,61.0,1
5135.0,Egidio Armelloni,M,Italy,ITA,1936 Summer,1936.0,Summer,Berlin,Gymnastics,Gymnastics Men's Horizontal Bar,,22.0,174.0,75.0,1
6582.0,Helge Gustaf Samuel Bckander,M,Sweden,SWE,1920 Summer,1920.0,Summer,Antwerpen,Gymnastics,"Gymnastics Men's Team All-Around, Swedish System",Gold,20.0,185.0,82.0,1
6632.0,Timea Bacsinszky,F,Switzerland,SUI,2008 Summer,2008.0,Summer,Beijing,Tennis,Tennis Women's Singles,,21.0,174.0,68.0,1
2329.0,Louis Albert,M,France,FRA,1924 Winter,1924.0,Winter,Chamonix,Ski Jumping,"Ski Jumping Men's Normal Hill, Individual",,20.0,183.0,78.0,1
7347.0,Coralie Balmy,F,France,FRA,2008 Summer,2008.0,Summer,Beijing,Swimming,Swimming Women's 800 metres Freestyle,,27.0,183.0,85.0,1
2155.0,Ali Mohammed Al-Shanqiti,M,Saudi Arabia,KSA,1984 Summer,1984.0,Summer,Los Angeles,Cycling,Cycling Men's 100 kilometres Team Time Trial,,23.0,168.0,55.0,1
7127.0,Halit Balamir,M,Turkey,TUR,1948 Summer,1948.0,Summer,London,Wrestling,"Wrestling Men's Flyweight, Freestyle",Silver,22.0,162.0,61.0,1
512.0,Shiny Kurisingal Abraham-Wilson,F,India,IND,1996 Summer,1996.0,Summer,Atlanta,Athletics,Athletics Women's 4 x 400 metres Relay,,29.0,175.0,58.0,1
1340.0,Annica Gunilla hln,F,Sweden,SWE,2002 Winter,2002.0,Winter,Salt Lake City,Ice Hockey,Ice Hockey Women's Ice Hockey,Bronze,30.0,185.0,75.0,1
2361.0,Alan Jacob Alborn,M,United States,USA,2006 Winter,2006.0,Winter,Torino,Ski Jumping,"Ski Jumping Men's Large Hill, Team",,17.0,190.0,71.0,1
5517.0,Erla sgeirsdttir,F,Iceland,ISL,2014 Winter,2014.0,Winter,Sochi,Alpine Skiing,Alpine Skiing Women's Slalom,,37.0,173.0,66.0,-1
3133.0,Mauricio Alvarado,M,Costa Rica,CRC,1980 Summer,1980.0,Summer,Moskva,Shooting,"Shooting Mixed Small-Bore Rifle, Prone, 50 metres",,17.0,181.0,83.0,1
6030.0,"Michael MacKay ""Mike"" Austin",M,United States,USA,1964 Summer,1964.0,Summer,Tokyo,Swimming,Swimming Men's 4 x 100 metres Freestyle Relay,Gold,27.0,178.0,59.0,1
5519.0,Jnas rarinn sgeirsson,M,Iceland,ISL,1948 Winter,1948.0,Winter,Sankt Moritz,Ski Jumping,"Ski Jumping Men's Normal Hill, Individual",,25.0,167.0,76.0,1
4075.0,Andreas Andreadis,M,Greece,GRE,1906 Summer,1906.0,Summer,Athina,Athletics,Athletics Men's Marathon,,16.0,161.0,41.0,1
5715.0,Luis Astolfi Prez de Guzmn,M,Spain,ESP,2000 Summer,2000.0,Summer,Sydney,Equestrianism,"Equestrianism Mixed Jumping, Individual",,25.0,182.0,80.0,1
1088.0,"Olabisi ""Bisi"" Afolabi",F,Nigeria,NGR,2000 Summer,2000.0,Summer,Sydney,Athletics,Athletics Women's 4 x 400 metres Relay,,16.0,183.0,74.0,1
6337.0,Magomed Kurbanovich Azizov,M,Unified Team,EUN,1992 Summer,1992.0,Summer,Barcelona,Wrestling,"Wrestling Men's Featherweight, Freestyle",,17.0,172.0,56.0,1
5873.0,Amjad Attwan Kadhim,M,Iraq,IRQ,2016 Summer,2016.0,Summer,Rio de Janeiro,Football,Football Men's Football,,22.0,153.0,46.0,1
5176.0,rds rnadttir,F,Iceland,ISL,1948 Summer,1948.0,Summer,London,Swimming,Swimming Women's 200 metres Breaststroke,,23.0,173.0,64.0,1
3486.0,Florent Amodio,M,France,FRA,2014 Winter,2014.0,Winter,Sochi,Figure Skating,Figure Skating Men's Singles,,23.0,183.0,78.0,1
4525.0,Timo Erkki Antila,M,Finland,FIN,2010 Winter,2010.0,Winter,Vancouver,Biathlon,Biathlon Men's 12.5 kilometres Pursuit,,34.0,170.0,56.0,1
3248.0,Nikolay Aleksandrovich Alyokhin,M,Soviet Union,URS,1980 Summer,1980.0,Summer,Moskva,Fencing,"Fencing Men's Sabre, Team",Gold,17.0,165.0,65.0,1
1661.0,Doli Akhtar,F,Bangladesh,BAN,2004 Summer,2004.0,Summer,Athina,Swimming,Swimming Women's 50 metres Freestyle,,18.0,177.0,72.0,1
5622.0,"Anthony George ""Tony"" Aslangul",M,Australia,AUS,1956 Winter,1956.0,Winter,Cortina d'Ampezzo,Alpine Skiing,Alpine Skiing Men's Slalom,,33.0,195.0,93.0,1
4684.0,Maurice Apeang,M,France,FRA,1972 Summer,1972.0,Summer,Munich,Boxing,Boxing Men's Featherweight,,23.0,182.0,79.0,1
6347.0,Sam Azoulay,M,Morocco,MAR,1960 Summer,1960.0,Summer,Roma,Wrestling,"Wrestling Men's Welterweight, Greco-Roman",,28.0,177.0,72.0,1
207.0,Mohamed Fathallah Abdel Rahman,M,Egypt,EGY,1948 Summer,1948.0,Summer,London,Fencing,"Fencing Men's epee, Individual",,21.0,165.0,69.0,1
6272.0,Sanjay Claude Ayre,M,Jamaica,JAM,2000 Summer,2000.0,Summer,Sydney,Athletics,Athletics Men's 4 x 400 metres Relay,Silver,23.0,181.0,75.0,1
123.0,Sohail Abbas,M,Pakistan,PAK,2000 Summer,2000.0,Summer,Sydney,Hockey,Hockey Men's Hockey,,26.0,185.0,71.0,1
3069.0,Thomas Alsgaard (Alsgrd-),M,Norway,NOR,2002 Winter,2002.0,Winter,Salt Lake City,Cross Country Skiing,Cross Country Skiing Men's 4 x 10 kilometres Relay,Gold,24.0,171.0,67.0,1
3920.0,Gunilla Victoria Andersson,F,Sweden,SWE,2002 Winter,2002.0,Winter,Salt Lake City,Ice Hockey,Ice Hockey Women's Ice Hockey,Bronze,29.0,169.0,63.0,1
7262.0,Wulfe Balk,M,Canada,CAN,1988 Summer,1988.0,Summer,Seoul,Fencing,"Fencing Men's Sabre, Individual",,21.0,175.0,80.0,1
1751.0,Ohenewa Akuffo,F,Canada,CAN,2008 Summer,2008.0,Summer,Beijing,Wrestling,"Wrestling Women's Heavyweight, Freestyle",,28.0,169.0,69.0,1
3273.0,Domingo Amaizn Mastroianni,M,Argentina,ARG,1968 Summer,1968.0,Summer,Mexico City,Athletics,"Athletics Men's 3,000 metres Steeplechase",,23.0,178.0,100.0,1
4826.0,Alfredo Arango Narvez,M,Colombia,COL,1968 Summer,1968.0,Summer,Mexico City,Football,Football Men's Football,,21.0,167.0,89.0,1
5426.0,Pr Johan Arvidsson,M,Sweden,SWE,1976 Summer,1976.0,Summer,Montreal,Swimming,Swimming Men's 200 metres Butterfly,,32.0,162.0,53.0,1
6503.0,Steven Jeffrey Baccus,M,Seychelles,SEY,1996 Summer,1996.0,Summer,Atlanta,Weightlifting,Weightlifting Men's Light-Heavyweight,,42.0,180.0,75.0,1
1747.0,Hseyin Akta,M,Turkey,TUR,1976 Summer,1976.0,Summer,Montreal,Athletics,Athletics Men's Marathon,,19.0,173.0,68.0,1
1735.0,Viktor Aksonov,M,Soviet Union,URS,1964 Summer,1964.0,Summer,Tokyo,Athletics,Athletics Men's Javelin Throw,,22.0,161.0,48.0,1
5146.0,George Denholm Armour,M,Great Britain,GBR,1948 Summer,1948.0,Summer,London,Art Competitions,"Art Competitions Mixed Painting, Unknown Event",,25.0,164.0,50.0,1
623.0,Irina Alekseyevna Abysova,F,Russia,RUS,2008 Summer,2008.0,Summer,Beijing,Triathlon,Triathlon Women's Olympic Distance,,20.0,168.0,57.0,1
5561.0,Nickel Ashmeade,M,Jamaica,JAM,2016 Summer,2016.0,Summer,Rio de Janeiro,Athletics,Athletics Men's 4 x 100 metres Relay,Gold,21.0,163.0,52.0,1
2216.0,Lea Alaerts,F,Belgium,BEL,1980 Summer,1980.0,Summer,Moskva,Athletics,Athletics Women's 4 x 400 metres Relay,,26.0,167.0,66.0,1
1477.0,Neringa Aidietyt,F,Lithuania,LTU,2016 Summer,2016.0,Summer,Rio de Janeiro,Athletics,Athletics Women's 20 kilometres Walk,,25.0,168.0,68.0,1
7149.0,Ester Balassini,F,Italy,ITA,2000 Summer,2000.0,Summer,Sydney,Athletics,Athletics Women's Hammer Throw,,25.0,178.0,75.0,1
1483.0,Nobuyuki Aihara,M,Japan,JPN,1956 Summer,1956.0,Summer,Melbourne,Gymnastics,Gymnastics Men's Team All-Around,Silver,26.0,163.0,51.0,-1
4415.0,Ali Annabi,M,Tunisia,TUN,1960 Summer,1960.0,Summer,Roma,Fencing,"Fencing Men's epee, Individual",,21.0,185.0,77.0,1
6648.0,Tibor Badari,M,Hungary,HUN,1968 Summer,1968.0,Summer,Mexico City,Boxing,Boxing Men's Flyweight,,33.0,162.0,58.0,1
7.0,John Aalberg,M,United States,USA,1992 Winter,1992.0,Winter,Albertville,Cross Country Skiing,Cross Country Skiing Men's 4 x 10 kilometres Relay,,26.0,185.0,98.0,1
6627.0,Pter Bacsa,M,Hungary,HUN,1996 Summer,1996.0,Summer,Atlanta,Wrestling,"Wrestling Men's Light-Heavyweight, Freestyle",,28.0,165.0,58.0,1
6425.0,Svetlana Viktorovna Babanina,F,Soviet Union,URS,1964 Summer,1964.0,Summer,Tokyo,Swimming,Swimming Women's 200 metres Breaststroke,Bronze,24.0,180.0,80.0,1
6260.0,Gabriel Aynat Ferragut,M,Spain,ESP,1992 Summer,1992.0,Summer,Barcelona,Cycling,Cycling Men's Points Race,,32.0,201.0,95.0,1
2419.0,Aldair Nascimento dos Santos,M,Brazil,BRA,1996 Summer,1996.0,Summer,Atlanta,Football,Football Men's Football,Bronze,29.0,186.0,88.0,1
7004.0,Frano Bakari,M,Croatia,CRO,2000 Summer,2000.0,Summer,Sydney,Athletics,Athletics Men's 4 x 400 metres Relay,,18.0,181.0,66.0,1
3241.0,Mohamed Aly,M,Egypt,EGY,1948 Summer,1948.0,Summer,London,Gymnastics,Gymnastics Men's Horse Vault,,30.0,187.0,85.0,1
4513.0,Joseph Anthoon,M,Belgium,BEL,1952 Summer,1952.0,Summer,Helsinki,Swimming,Swimming Men's 4 x 200 metres Freestyle Relay,,32.0,166.0,55.0,1
2296.0,Marco Albarello,M,Italy,ITA,1992 Winter,1992.0,Winter,Albertville,Cross Country Skiing,Cross Country Skiing Men's 4 x 10 kilometres Relay,Silver,27.0,170.0,65.0,-1
4155.0,"Jessica ""Jess"" Andrews (-Martin)",F,Great Britain,GBR,2016 Summer,2016.0,Summer,Rio de Janeiro,Athletics,"Athletics Women's 10,000 metres",,28.0,164.0,54.0,1
3051.0,Mohamed Alouini,M,Tunisia,TUN,1984 Summer,1984.0,Summer,Los Angeles,Athletics,"Athletics Men's 1,500 metres",,19.0,168.0,53.0,1
1791.0,Abdel Aziz Khalid Al-Anjri,M,Kuwait,KUW,1980 Summer,1980.0,Summer,Moskva,Handball,Handball Men's Handball,,32.0,185.0,77.0,1
5105.0,Gregory Arkhurst,M,Cote d'Ivoire,CIV,2000 Summer,2000.0,Summer,Sydney,Swimming,Swimming Men's 100 metres Freestyle,,30.0,185.0,77.0,1
660.0,Karem Faride Achach Ramrez,F,Mexico,MEX,2016 Summer,2016.0,Summer,Rio de Janeiro,Synchronized Swimming,Synchronized Swimming Women's Duet,,24.0,180.0,82.0,1
5406.0,Zorana Arunovi,F,Serbia,SRB,2016 Summer,2016.0,Summer,Rio de Janeiro,Shooting,"Shooting Women's Sporting Pistol, 25 metres",,27.0,170.0,62.0,1
6222.0,Merve Aydn,F,Turkey,TUR,2012 Summer,2012.0,Summer,London,Athletics,Athletics Women's 800 metres,,44.0,176.0,80.0,1
3423.0,Hilda Amezaga Harfuch,F,Mexico,MEX,1972 Summer,1972.0,Summer,Munich,Gymnastics,Gymnastics Women's Uneven Bars,,27.0,165.0,58.0,1
4472.0,Paul Eugne Albert Anspach,M,Belgium,BEL,1908 Summer,1908.0,Summer,London,Fencing,"Fencing Men's Sabre, Individual",,22.0,183.0,71.0,1
2721.0,"Antonio Pietro ""Tony"" Ali-Ally",M,Great Britain,GBR,2004 Summer,2004.0,Summer,Athina,Diving,Diving Men's Synchronized Springboard,,29.0,164.0,60.0,1
20.0,Kjetil Andr Aamodt,M,Norway,NOR,2002 Winter,2002.0,Winter,Salt Lake City,Alpine Skiing,Alpine Skiing Men's Downhill,,28.0,181.0,77.0,1
887.0,James Aryee Addy,M,Ghana,GHA,1964 Summer,1964.0,Summer,Tokyo,Athletics,Athletics Men's 4 x 400 metres Relay,,25.0,175.0,59.0,1
6521.0,Einar Christian Bache,M,Denmark-1,DEN,1924 Summer,1924.0,Summer,Paris,Tennis,Tennis Men's Doubles,,30.0,166.0,55.0,1
903.0,Carolyn Adel,F,Suriname,SUR,1996 Summer,1996.0,Summer,Atlanta,Swimming,Swimming Women's 200 metres Individual Medley,,19.0,183.0,73.0,1
1775.0,Salem Mouled Musa'id Al-Ahmadi,M,Saudi Arabia,KSA,1996 Summer,1996.0,Summer,Atlanta,Athletics,Athletics Men's Triple Jump,,27.0,190.0,95.0,1
993.0,Ruth Adolf,F,Switzerland,SUI,1964 Winter,1964.0,Winter,Innsbruck,Alpine Skiing,Alpine Skiing Women's Giant Slalom,,27.0,183.0,79.0,-1
7093.0,Jen Bakos,M,Hungary,HUN,1952 Summer,1952.0,Summer,Helsinki,Athletics,Athletics Men's 800 metres,,24.0,168.0,63.0,1
5682.0,Samer Zuhair Assassa,M,Syria,SYR,1980 Summer,1980.0,Summer,Moskva,Football,Football Men's Football,,22.0,166.0,67.0,1
284.0,Anouar Abdul Kader,M,Syria,SYR,1980 Summer,1980.0,Summer,Moskva,Football,Football Men's Football,,18.0,172.0,73.0,1
4685.0,Katrin Apel,F,Germany,GER,2006 Winter,2006.0,Winter,Torino,Biathlon,Biathlon Women's 7.5 kilometres Sprint,,22.0,182.0,79.0,1
813.0,Edgar Holmes Adams,M,United States,USA,1904 Summer,1904.0,Summer,St. Louis,Swimming,Swimming Men's 220 yard Freestyle,,32.0,167.0,62.0,1
1277.0,Carolina Aguirre Giraldo,F,Colombia,COL,2016 Summer,2016.0,Summer,Rio de Janeiro,Archery,Archery Women's Individual,,20.0,169.0,57.0,1
818.0,Harry Lester Adams,M,United States,USA,1920 Summer,1920.0,Summer,Antwerpen,Shooting,"Shooting Men's Military Rifle, Prone, 300 metres",,19.0,171.0,68.0,1
5500.0,Sergei Aschwanden,M,Switzerland,SUI,2008 Summer,2008.0,Summer,Beijing,Judo,Judo Men's Middleweight,Bronze,30.0,170.0,71.0,1
3606.0,An Yeong-Han,M,South Korea,KOR,1948 Summer,1948.0,Summer,London,Athletics,Athletics Men's Discus Throw,,25.0,178.0,64.0,1
6892.0,George Bailey,M,Great Britain,GBR,1908 Summer,1908.0,Summer,London,Gymnastics,Gymnastics Men's Individual All-Around,,23.0,185.0,70.0,1
6971.0,Nataa Bajin-ljepica,F,Yugoslavia,YUG,1972 Summer,1972.0,Summer,Munich,Gymnastics,Gymnastics Women's Floor Exercise,,26.0,168.0,59.0,1
1806.0,Rashid Salih Hamad Al-Athba,M,Qatar,QAT,2012 Summer,2012.0,Summer,London,Shooting,Shooting Men's Double Trap,,25.0,180.0,90.0,1
452.0,Enver Nazymovych Ablaiev,M,Ukraine,UKR,2002 Winter,2002.0,Winter,Salt Lake City,Freestyle Skiing,Freestyle Skiing Men's Aerials,,29.0,165.0,58.0,1
2598.0,Lavrentis Alexanidis,M,Greece,GRE,2004 Summer,2004.0,Summer,Athina,Judo,Judo Men's Lightweight,,27.0,165.0,58.0,1
6557.0,"Ulrich ""Ueli"" Bachmann",M,Switzerland,SUI,1976 Summer,1976.0,Summer,Montreal,Gymnastics,Gymnastics Men's Horse Vault,,25.0,184.0,81.0,1
4164.0,"Susan Elizabeth ""Sue"" Andrews",F,Australia,AUS,2000 Summer,2000.0,Summer,Sydney,Athletics,Athletics Women's 800 metres,,21.0,183.0,81.0,1
2469.0,Virgilijus Alekna,M,Lithuania,LTU,1996 Summer,1996.0,Summer,Atlanta,Athletics,Athletics Men's Discus Throw,,24.0,163.0,69.0,1
495.0,Alaaeldin Ahmad El-Sayyid Abouelkassem,M,Egypt,EGY,2016 Summer,2016.0,Summer,Rio de Janeiro,Fencing,"Fencing Men's Foil, Team",,26.0,161.0,49.0,1
6285.0,Ziya Azak,M,Turkey,TUR,1948 Summer,1948.0,Summer,London,Equestrianism,"Equestrianism Men's Three-Day Event, Individual",,25.0,158.0,53.0,1
4667.0,Sad Aouita,M,Morocco,MAR,1988 Summer,1988.0,Summer,Seoul,Athletics,Athletics Men's 800 metres,Bronze,41.0,163.0,56.0,1
252.0,Youcef Abdi,M,Australia,AUS,2012 Summer,2012.0,Summer,London,Athletics,"Athletics Men's 3,000 metres Steeplechase",,23.0,167.0,63.0,1
6989.0,Jzsef Bakai,M,Hungary,HUN,1972 Summer,1972.0,Summer,Munich,Athletics,Athletics Men's Decathlon,,19.0,175.0,54.0,1
6930.0,Sandrine Bailly,F,France,FRA,2010 Winter,2010.0,Winter,Vancouver,Biathlon,Biathlon Women's 4 x 6 kilometres Relay,Silver,25.0,163.0,62.0,1
2959.0,Lenke Almsi,F,Hungary,HUN,1980 Summer,1980.0,Summer,Moskva,Gymnastics,Gymnastics Women's Floor Exercise,,25.0,173.0,62.0,1
5530.0,David Ashby,M,Fiji,FIJ,1988 Summer,1988.0,Summer,Seoul,Sailing,Sailing Mixed Three Person Keelboat,,29.0,171.0,67.0,1
4067.0,Nilson de Oliveira Andr,M,Brazil,BRA,2012 Summer,2012.0,Summer,London,Athletics,Athletics Men's 4 x 100 metres Relay,,28.0,180.0,81.0,1
326.0,Mohamed Abdullah,M,United Arab Emirates,UAE,1988 Summer,1988.0,Summer,Seoul,Swimming,Swimming Men's 4 x 100 metres Medley Relay,,22.0,165.0,58.0,-1
7121.0,Mara Rosa Balaguer Torres,F,Spain,ESP,1960 Summer,1960.0,Summer,Roma,Gymnastics,Gymnastics Women's Team All-Around,,25.0,177.0,71.0,1
2242.0,Anthony Kenneth Alan-Williams,M,Great Britain,GBR,1976 Summer,1976.0,Summer,Montreal,Canoeing,"Canoeing Men's Kayak Fours, 1,000 metres",,19.0,162.0,56.0,1
5767.0,Rayna Atanasova,F,Bulgaria,BUL,1968 Summer,1968.0,Summer,Mexico City,Gymnastics,Gymnastics Women's Horse Vault,,29.0,180.0,67.0,1
1621.0,"Charles Arthur ""Charlie"" Akers",M,United States,USA,1960 Winter,1960.0,Winter,Squaw Valley,Cross Country Skiing,Cross Country Skiing Men's 15 kilometres,,23.0,172.0,57.0,1
6961.0,Marek Bajan,M,Poland,POL,1980 Summer,1980.0,Summer,Moskva,Modern Pentathlon,Modern Pentathlon Men's Individual,,30.0,173.0,73.0,1
4580.0,Vladislav Yuryevich Antonov,M,Unified Team,EUN,1992 Summer,1992.0,Summer,Barcelona,Boxing,Boxing Men's Bantamweight,,25.0,182.0,96.0,1
5898.0,Rene Lynn Aubin,F,Canada,CAN,1992 Summer,1992.0,Summer,Barcelona,Fencing,"Fencing Women's Foil, Team",,20.0,168.0,57.0,1
5097.0,Vadim Arkhipchuk,M,Soviet Union,URS,1960 Summer,1960.0,Summer,Roma,Athletics,Athletics Men's 200 metres,,24.0,176.0,72.0,1
20.0,Kjetil Andr Aamodt,M,Norway,NOR,2002 Winter,2002.0,Winter,Salt Lake City,Alpine Skiing,Alpine Skiing Men's Slalom,,16.0,157.0,48.0,1
2945.0,Mario Nicols Almada,M,Argentina,ARG,2000 Summer,2000.0,Summer,Sydney,Hockey,Hockey Men's Hockey,,28.0,173.0,81.0,1
4097.0,Marin Andrei,M,Romania,ROU,1964 Summer,1964.0,Summer,Tokyo,Football,Football Men's Football,,21.0,165.0,56.0,1
420.0,"Olof Viktor ""Olle"" berg",M,Sweden,SWE,1952 Summer,1952.0,Summer,Helsinki,Athletics,"Athletics Men's 1,500 metres",,25.0,187.0,86.0,1
2688.0,Mehboob Ali,M,Pakistan,PAK,2016 Summer,2016.0,Summer,Rio de Janeiro,Athletics,Athletics Men's 400 metres,,26.0,161.0,56.0,1
6544.0,Thomas Bachler,M,Austria-2,AUT,1998 Winter,1998.0,Winter,Nagano,Bobsleigh,Bobsleigh Men's Four,,28.0,175.0,65.0,1
4269.0,Gabriela Angaut,F,Argentina,ARG,1984 Winter,1984.0,Winter,Sarajevo,Alpine Skiing,Alpine Skiing Women's Slalom,,31.0,185.0,127.0,1
2440.0,"Frederick Pitt ""Fred"" Alderman",M,United States,USA,1928 Summer,1928.0,Summer,Amsterdam,Athletics,Athletics Men's 4 x 400 metres Relay,Gold,20.0,175.0,67.0,1
865.0,Juan Bautista Adarraga Elizarn,M,Spain,ESP,1948 Summer,1948.0,Summer,London,Athletics,Athletics Men's 800 metres,,25.0,151.0,47.0,1
4986.0,Josette Arne (Delmas-),F,France,FRA,1948 Summer,1948.0,Summer,London,Swimming,Swimming Women's 100 metres Freestyle,,21.0,187.0,75.0,1
5596.0,Gabriele Askamp,F,West Germany,FRG,1976 Summer,1976.0,Summer,Montreal,Swimming,Swimming Women's 100 metres Breaststroke,,26.0,177.0,67.5,1
7234.0,Laura Jane Baldwin,F,Great Britain,GBR,2004 Summer,2004.0,Summer,Athina,Sailing,Sailing Women's One Person Dinghy,,21.0,172.0,77.0,1
5102.0,Anna Valeryevna Arkhipova,F,Russia,RUS,2000 Summer,2000.0,Summer,Sydney,Basketball,Basketball Women's Basketball,,23.0,174.0,60.0,-1
4303.0,Petar Ivanov Angelov,M,Bulgaria,BUL,1956 Winter,1956.0,Winter,Cortina d'Ampezzo,Alpine Skiing,Alpine Skiing Men's Giant Slalom,,21.0,175.0,59.0,1
4643.0,Kumao Aochi,M,Japan,JPN,1936 Summer,1936.0,Summer,Berlin,Athletics,Athletics Men's 800 metres,,22.0,180.0,67.0,1
5954.0,Richard Augsten,M,Czechoslovakia,TCH,1936 Summer,1936.0,Summer,Berlin,Art Competitions,"Art Competitions Mixed Literature, Unknown Event",,20.0,174.0,72.0,1
6224.0,Kelime Aydn-etinkaya,F,Turkey,TUR,2002 Winter,2002.0,Winter,Salt Lake City,Cross Country Skiing,Cross Country Skiing Women's Sprint,,32.0,173.0,75.0,1
4548.0,Nstor F. Antn Giudice,M,Uruguay,URU,1948 Summer,1948.0,Summer,London,Basketball,Basketball Men's Basketball,,23.0,177.0,82.0,1
1523.0,Makhlouf Ait Hocine,M,Algeria,ALG,1988 Summer,1988.0,Summer,Seoul,Handball,Handball Men's Handball,,20.0,172.0,68.0,1
2019.0,Abdullah Roaei Al-Mabrouk,M,Saudi Arabia,KSA,1972 Summer,1972.0,Summer,Munich,Athletics,"Athletics Men's 5,000 metres",,25.0,159.0,53.0,1
6531.0,"Sandra Atsuko ""Sandy"" Bacher",F,United States,USA,2000 Summer,2000.0,Summer,Sydney,Judo,Judo Women's Middleweight,,23.0,174.0,63.0,1
4006.0,Roberto Andino,M,Puerto Rico,PUR,1976 Summer,1976.0,Summer,Montreal,Boxing,Boxing Men's Lightweight,,23.0,170.0,59.0,1
3573.0,An Cheon-Yeong,M,South Korea,KOR,1968 Summer,1968.0,Summer,Mexico City,Wrestling,"Wrestling Men's Bantamweight, Greco-Roman",,20.0,180.0,67.0,1
7011.0,"Wiliam Robert ""Bill"" Baker",M,United States,USA,1980 Winter,1980.0,Winter,Lake Placid,Ice Hockey,Ice Hockey Men's Ice Hockey,Gold,22.0,162.0,60.0,1
1685.0,Kayode Akinsanya,M,Nigeria,NGR,1996 Summer,1996.0,Summer,Atlanta,Badminton,Badminton Men's Singles,,22.0,176.0,63.0,1
4285.0,Andr Angelini,M,France,FRA,1908 Summer,1908.0,Summer,London,Shooting,"Shooting Men's Free Rifle, 1,000 Yards",,32.0,203.0,94.0,1
2337.0,Bruno Alberti,M,Italy,ITA,1960 Winter,1960.0,Winter,Squaw Valley,Alpine Skiing,Alpine Skiing Men's Downhill,,23.0,185.0,80.0,1
3725.0,"Greta Marie Andersen (-Sonnichsen, -Veress)",F,Denmark,DEN,1952 Summer,1952.0,Summer,Helsinki,Swimming,Swimming Women's 100 metres Freestyle,,26.0,199.0,84.0,1
1514.0,Tassadit Assou,F,Algeria,ALG,2008 Summer,2008.0,Summer,Beijing,Volleyball,Volleyball Women's Volleyball,,22.0,168.0,55.0,1
2697.0,Sadam Ali,M,United States,USA,2008 Summer,2008.0,Summer,Beijing,Boxing,Boxing Men's Lightweight,,15.0,166.0,59.0,1
1760.0,Thijs Joris Al,M,Netherlands,NED,2004 Summer,2004.0,Summer,Athina,Cycling,"Cycling Men's Mountainbike, Cross-Country",,27.0,186.0,100.0,1
2979.0,Pedro Manuel Tavares de Almeida,M,Brazil,BRA,2016 Summer,2016.0,Summer,Rio de Janeiro,Equestrianism,"Equestrianism Mixed Dressage, Individual",,26.0,170.0,77.0,1
5994.0,Berit Kristine Aunli-Kvello,F,Norway,NOR,1984 Winter,1984.0,Winter,Sarajevo,Cross Country Skiing,Cross Country Skiing Women's 4 x 5 kilometres Relay,Gold,21.0,164.0,54.0,1
1684.0,"Omolade ""Lade"" Akinremi",F,Nigeria,NGR,1996 Summer,1996.0,Summer,Atlanta,Athletics,Athletics Women's 400 metres Hurdles,,27.0,156.0,50.0,1
1422.0,Ahn Jin-Soo,M,South Korea,KOR,1998 Winter,1998.0,Winter,Nagano,Cross Country Skiing,Cross Country Skiing Men's 10/15 kilometres Pursuit,,19.0,190.0,82.0,1
4709.0,Ivan Apostolov,M,Bulgaria,BUL,1968 Summer,1968.0,Summer,Mexico City,Modern Pentathlon,Modern Pentathlon Men's Team,,25.0,186.0,86.0,1
6991.0,Clara Monika Bakale,F,Congo (Brazzaville),CGO,1996 Summer,1996.0,Summer,Atlanta,Swimming,Swimming Women's 50 metres Freestyle,,28.0,169.0,65.0,1
4899.0,Angela Arcangeli,F,Italy,ITA,1992 Summer,1992.0,Summer,Barcelona,Basketball,Basketball Women's Basketball,,22.0,172.0,68.0,1
98.0,Hctor Abaunza,M,Mexico,MEX,1968 Summer,1968.0,Summer,Mexico City,Fencing,"Fencing Men's Foil, Team",,30.0,193.0,81.0,1
5355.0,Bakhtiyar Garifulayevich Artayev,M,Kazakhstan,KAZ,2008 Summer,2008.0,Summer,Beijing,Boxing,Boxing Men's Middleweight,,33.0,189.0,85.0,1
1994.0,Abdullah Salem Al-Khalidi,M,Oman,OMA,1992 Summer,1992.0,Summer,Barcelona,Athletics,Athletics Men's 200 metres,,23.0,163.0,63.0,1
6425.0,Svetlana Viktorovna Babanina,F,Soviet Union,URS,1968 Summer,1968.0,Summer,Mexico City,Swimming,Swimming Women's 100 metres Breaststroke,,37.0,183.0,78.0,1
549.0,Alen Abramovi,M,Croatia,CRO,2006 Winter,2006.0,Winter,Torino,Cross Country Skiing,Cross Country Skiing Men's 15 kilometres,,18.0,190.0,80.0,1
4.0,Edgar Lindenau Aabye,M,Denmark/Sweden,DEN,1900 Summer,1900.0,Summer,Paris,Tug-Of-War,Tug-Of-War Men's Tug-Of-War,Gold,28.0,188.0,90.0,1
5239.0,Isabelle Arnould,F,Belgium,BEL,1988 Summer,1988.0,Summer,Seoul,Swimming,Swimming Women's 400 metres Freestyle,,19.0,176.0,64.0,1
5171.0,Dorothy Sheila Armstrong,F,United States,USA,1976 Summer,1976.0,Summer,Montreal,Fencing,"Fencing Women's Foil, Team",,31.0,174.0,74.0,1
282.0,Hadi Abdul Jabbar,M,Iraq,IRQ,1964 Summer,1964.0,Summer,Tokyo,Weightlifting,Weightlifting Men's Heavyweight,,30.0,189.0,86.0,1
3828.0,John Franklin Anderson,M,United States,USA,1928 Summer,1928.0,Summer,Amsterdam,Athletics,Athletics Men's Discus Throw,,22.0,170.0,57.0,1
2892.0,Ade Franci Alleyne-Forte,M,Trinidad and Tobago,TTO,2012 Summer,2012.0,Summer,London,Athletics,Athletics Men's 4 x 400 metres Relay,Bronze,29.0,180.0,108.0,1
1574.0,Kosei Akaishi,M,Japan,JPN,1992 Summer,1992.0,Summer,Barcelona,Wrestling,"Wrestling Men's Lightweight, Freestyle",Bronze,27.0,192.0,82.0,1
6509.0,Karl Helmut Bach,M,Saar,SAA,1952 Summer,1952.0,Summer,Helsinki,Fencing,"Fencing Men's Sabre, Team",,29.0,175.0,75.0,1
1003.0,Lena Annika Adomat,F,Sweden,SWE,1980 Summer,1980.0,Summer,Moskva,Gymnastics,Gymnastics Women's Horse Vault,,29.0,168.0,62.0,1
4216.0,Eleni Andriola,F,Greece,GRE,2008 Summer,2008.0,Summer,Beijing,Rhythmic Gymnastics,Rhythmic Gymnastics Women's Individual,,15.0,159.0,50.0,1
6370.0,Leonardo-Christian Azzola,M,West Germany,FRG,1984 Winter,1984.0,Winter,Sarajevo,Figure Skating,Figure Skating Mixed Pairs,,16.0,180.0,76.0,1
3335.0,Ivn Amaya Carazo,M,Spain,ESP,2000 Summer,2000.0,Summer,Sydney,Football,Football Men's Football,Silver,28.0,181.0,78.0,1
3229.0,Gyula Alvics,M,Hungary,HUN,1988 Summer,1988.0,Summer,Seoul,Boxing,Boxing Men's Heavyweight,,18.0,178.0,70.0,1
2578.0,"Nicholas ""Nick"" Alexander",M,United States,USA,2010 Winter,2010.0,Winter,Vancouver,Ski Jumping,"Ski Jumping Men's Large Hill, Individual",,34.0,188.0,132.0,1
6539.0,Jozef Bachleda,M,Slovakia,SVK,1994 Winter,1994.0,Winter,Lillehammer,Nordic Combined,Nordic Combined Men's Individual,,19.0,174.0,71.0,1
5224.0,Karl Arnold,M,Germany,GER,1906 Summer,1906.0,Summer,Athina,Cycling,"Cycling Men's Tandem Sprint, 2,000 metres",Bronze,27.0,187.0,81.0,1
4729.0,Margit Appelt,F,Austria,AUT,2004 Summer,2004.0,Summer,Athina,Equestrianism,"Equestrianism Mixed Three-Day Event, Individual",,28.0,186.0,110.0,1
5939.0,Ernst Aufseeser,M,Germany,GER,1928 Summer,1928.0,Summer,Amsterdam,Art Competitions,"Art Competitions Mixed Painting, Graphic Arts",,19.0,183.0,80.0,1
4255.0,Mikhail Anerrapsis,M,Greece,GRE,1906 Summer,1906.0,Summer,Athina,Fencing,"Fencing Men's Foil, Individual",,25.0,176.0,65.0,1
6299.0,Yelena Yuryevna Azarova,F,Russia,RUS,2000 Summer,2000.0,Summer,Sydney,Synchronized Swimming,Synchronized Swimming Women's Team,Gold,21.0,194.0,115.0,1
6159.0,Mansour ul-Haq Awan,M,Pakistan,PAK,1964 Summer,1964.0,Summer,Tokyo,Athletics,Athletics Men's 400 metres Hurdles,,18.0,139.0,36.0,1
806.0,"Bartlett S. ""Bart"" Adams",M,United States,USA,1904 Summer,1904.0,Summer,St. Louis,Golf,Golf Men's Individual,,26.0,194.0,87.0,1
3610.0,An Yulong,M,China,CHN,1998 Winter,1998.0,Winter,Nagano,Short Track Speed Skating,Short Track Speed Skating Men's 500 metres,Silver,21.0,190.0,95.0,1
189.0,Hwad Ibrahim Abdel Hamid Lumomba,M,Sudan,SUD,1968 Summer,1968.0,Summer,Mexico City,Boxing,Boxing Men's Featherweight,,21.0,178.0,67.0,1
2802.0,Donald John Allan,M,Australia,AUS,1972 Summer,1972.0,Summer,Munich,Cycling,"Cycling Men's Road Race, Individual",,22.0,148.0,40.0,1
5173.0,"Michel Taylor ""Tate"" Armstrong",M,United States,USA,1976 Summer,1976.0,Summer,Montreal,Basketball,Basketball Men's Basketball,Gold,29.0,176.0,70.0,1
887.0,James Aryee Addy,M,Ghana,GHA,1968 Summer,1968.0,Summer,Mexico City,Athletics,Athletics Men's 4 x 100 metres Relay,,26.0,165.0,59.0,1
469.0,Tarek Abou Al Dahab,M,Lebanon,LIB,1972 Summer,1972.0,Summer,Munich,Cycling,"Cycling Men's Individual Pursuit, 4,000 metres",,23.0,185.0,97.0,1
1889.0,Khaled Al-Eid,M,Saudi Arabia,KSA,2000 Summer,2000.0,Summer,Sydney,Equestrianism,"Equestrianism Mixed Jumping, Individual",Bronze,21.0,180.0,72.0,1
3061.0,Luc Alphand,M,France,FRA,1988 Winter,1988.0,Winter,Calgary,Alpine Skiing,Alpine Skiing Men's Combined,,31.0,194.0,74.0,1
6846.0,Pascal Bahuaud,M,France,FRA,1988 Summer,1988.0,Summer,Seoul,Rowing,Rowing Men's Coxless Fours,,17.0,187.0,79.0,1
3828.0,John Franklin Anderson,M,United States,USA,1932 Summer,1932.0,Summer,Los Angeles,Athletics,Athletics Men's Discus Throw,Gold,25.0,182.0,84.0,1
5003.0,Thomas Aretz,M,West Germany,FRG,1968 Summer,1968.0,Summer,Mexico City,Swimming,Swimming Men's 200 metres Breaststroke,,25.0,179.0,62.0,1
272.0,Berik Abdrakhmanov,M,Kazakhstan,KAZ,2016 Summer,2016.0,Summer,Rio de Janeiro,Boxing,Boxing Men's Lightweight,,22.0,162.0,68.0,1
230.0,Moustafa Abdelal,M,Egypt,EGY,1948 Summer,1948.0,Summer,London,Gymnastics,Gymnastics Men's Rings,,28.0,175.0,65.0,1
5852.0,Ali Gkhan Attarolu,M,Turkey,TUR,1984 Summer,1984.0,Summer,Los Angeles,Swimming,Swimming Men's 400 metres Freestyle,,27.0,176.0,60.0,1
6391.0,Madelon Baans,F,Netherlands,NED,1996 Summer,1996.0,Summer,Atlanta,Swimming,Swimming Women's 4 x 100 metres Medley Relay,,17.0,180.0,70.0,1
5700.0,Polina Hryhorivna Astakhova,F,Soviet Union,URS,1964 Summer,1964.0,Summer,Tokyo,Gymnastics,Gymnastics Women's Individual All-Around,Bronze,31.0,178.0,72.0,1
1356.0,Christian Ahlmann,M,Germany,GER,2008 Summer,2008.0,Summer,Beijing,Equestrianism,"Equestrianism Mixed Jumping, Team",,29.0,179.0,79.0,1
193.0,Dorri Abdel Kader Said,M,Egypt,EGY,1948 Summer,1948.0,Summer,London,Swimming,Swimming Men's 100 metres Backstroke,,38.0,188.0,79.0,1
4080.0,Petre Andreanu,M,Romania,ROU,1952 Summer,1952.0,Summer,Helsinki,Equestrianism,"Equestrianism Men's Three-Day Event, Team",,21.0,191.0,83.0,1
2300.0,Miguel ngel Albarracn,M,Argentina,ARG,2004 Summer,2004.0,Summer,Athina,Judo,Judo Men's Extra-Lightweight,,24.0,178.0,72.0,1
3517.0,Jean-Claude Amoureux,M,France,FRA,1976 Summer,1976.0,Summer,Montreal,Athletics,Athletics Men's 4 x 100 metres Relay,,16.0,158.0,47.0,1
2675.0,Fouad M. Ali,M,Egypt,EGY,1964 Summer,1964.0,Summer,Tokyo,Wrestling,"Wrestling Men's Flyweight, Greco-Roman",,33.0,178.0,75.0,1
6780.0,Ali Baghbanbashi,M,Iran,IRI,1952 Summer,1952.0,Summer,Helsinki,Athletics,"Athletics Men's 3,000 metres Steeplechase",,31.0,170.0,65.0,1
1085.0,Maksim Sergeyevich Afinogenov,M,Russia,RUS,2002 Winter,2002.0,Winter,Salt Lake City,Ice Hockey,Ice Hockey Men's Ice Hockey,Bronze,20.0,184.0,79.0,1
163.0,Ismail Abdallah,M,United Arab Republic,UAR,1960 Summer,1960.0,Summer,Roma,Gymnastics,Gymnastics Men's Horizontal Bar,,24.0,172.0,68.0,1
6377.0,Houleye Ba,F,Mauritania,MTN,2016 Summer,2016.0,Summer,Rio de Janeiro,Athletics,Athletics Women's 800 metres,,38.0,174.0,67.0,1
445.0,Endurance Abinuwa,F,Nigeria,NGR,2012 Summer,2012.0,Summer,London,Athletics,Athletics Women's 4 x 100 metres Relay,,26.0,168.0,52.0,1
887.0,James Aryee Addy,M,Ghana,GHA,1960 Summer,1960.0,Summer,Roma,Athletics,Athletics Men's 4 x 400 metres Relay,,27.0,204.0,95.0,1
2371.0,Hans Albrecht,M,Switzerland,SUI,1964 Summer,1964.0,Summer,Tokyo,Shooting,"Shooting Men's Rapid-Fire Pistol, 25 metres",,27.0,162.0,48.0,1
5127.0,Alina Armas,F,Namibia,NAM,2016 Summer,2016.0,Summer,Rio de Janeiro,Athletics,Athletics Women's Marathon,,24.0,186.0,80.0,1
5350.0,Elena Artamendi Garca,F,Spain,ESP,1960 Summer,1960.0,Summer,Roma,Gymnastics,Gymnastics Women's Floor Exercise,,21.0,164.0,52.0,1
2935.0,Enrique Allyn,M,Peru,PER,1972 Summer,1972.0,Summer,Munich,Cycling,"Cycling Men's Road Race, Individual",,20.0,176.0,64.0,1
3076.0,Ian Clunies Alsop,M,Great Britain,GBR,1968 Summer,1968.0,Summer,Mexico City,Cycling,Cycling Men's Sprint,,20.0,175.0,61.0,1
5652.0,Simon Olof Karl Aspelin,M,Sweden-2,SWE,2008 Summer,2008.0,Summer,Beijing,Tennis,Tennis Men's Doubles,Silver,27.0,186.0,90.0,1
1267.0,Errol Aguilera,M,Trinidad and Tobago,TTO,2002 Winter,2002.0,Winter,Salt Lake City,Bobsleigh,Bobsleigh Men's Two,,26.0,191.0,79.0,1
365.0,Kinya Abe,M,Japan,JPN,1992 Summer,1992.0,Summer,Barcelona,Fencing,"Fencing Men's Foil, Individual",,22.0,175.0,71.0,1
2496.0,Dmitry Sergeyevich Aleksanin,M,Kazakhstan,KAZ,2012 Summer,2012.0,Summer,London,Fencing,"Fencing Men's epee, Individual",,24.0,182.0,82.0,1
3066.0,Barbara Alred (-Collins),F,Great Britain,GBR,1972 Summer,1972.0,Summer,Munich,Gymnastics,Gymnastics Women's Floor Exercise,,23.0,180.0,68.0,1
4094.0,Alessandro Andrei,M,Italy,ITA,1992 Summer,1992.0,Summer,Barcelona,Athletics,Athletics Men's Shot Put,,27.0,205.0,89.0,1
3508.0,Arturo Jorge Amos,M,Argentina,ARG,1948 Summer,1948.0,Summer,London,Gymnastics,Gymnastics Men's Parallel Bars,,21.0,156.0,52.0,-1
643.0,Marco Acerbi,M,Italy,ITA,1972 Summer,1972.0,Summer,Munich,Athletics,Athletics Men's 110 metres Hurdles,,22.0,190.0,90.0,1
6127.0,Pavel Avksentyev,M,Russia,RUS,1912 Summer,1912.0,Summer,Stockholm,Swimming,Swimming Men's 400 metres Freestyle,,22.0,164.0,56.0,-1
6124.0,Pyotr Semyonovich Avilov,M,Soviet Union,URS,1952 Summer,1952.0,Summer,Helsinki,Shooting,"Shooting Men's Small-Bore Rifle, Prone, 50 metres",,19.0,165.0,56.0,1
562.0,Pawe Abratkiewicz,M,Poland,POL,2002 Winter,2002.0,Winter,Salt Lake City,Speed Skating,Speed Skating Men's 500 metres,,26.0,178.0,75.0,1
4994.0,Xavier Areny Fite,M,Andorra,AND,1976 Winter,1976.0,Winter,Innsbruck,Alpine Skiing,Alpine Skiing Men's Slalom,,30.0,172.0,58.0,1
3573.0,An Cheon-Yeong,M,South Korea,KOR,1972 Summer,1972.0,Summer,Munich,Wrestling,"Wrestling Men's Bantamweight, Greco-Roman",,23.0,180.0,69.0,1
3646.0,Katerina Anastasiou,F,Greece,GRE,1998 Winter,1998.0,Winter,Nagano,Cross Country Skiing,Cross Country Skiing Women's 5 kilometres,,19.0,182.0,73.0,1
326.0,Mohamed Abdullah,M,United Arab Emirates,UAE,1988 Summer,1988.0,Summer,Seoul,Swimming,Swimming Men's 4 x 200 metres Freestyle Relay,,22.0,185.0,74.0,-1
5862.0,Saad Attiya Hafidh,M,Iraq,IRQ,2004 Summer,2004.0,Summer,Athina,Football,Football Men's Football,,29.0,157.0,52.0,1
5990.0,Salulolo Aumua,M,Samoa,SAM,1984 Summer,1984.0,Summer,Los Angeles,Boxing,Boxing Men's Light-Middleweight,,24.0,183.0,65.0,1
2861.0,Nathon Allen,M,Jamaica,JAM,2016 Summer,2016.0,Summer,Rio de Janeiro,Athletics,Athletics Men's 4 x 400 metres Relay,Silver,21.0,174.0,64.0,1
3339.0,Henri Amazouze,M,France,FRA,1960 Summer,1960.0,Summer,Roma,Canoeing,Canoeing Men's Kayak Relay 4 x 500 metres,,28.0,178.0,80.0,1
7063.0,"William Helmer ""Bill"" Bakke",M,United States,USA,1968 Winter,1968.0,Winter,Grenoble,Ski Jumping,"Ski Jumping Men's Normal Hill, Individual",,19.0,168.0,52.0,1
1380.0,"Christine M. ""Crissy"" Ahmann-Leighton (-Perham)",F,United States,USA,1992 Summer,1992.0,Summer,Barcelona,Swimming,Swimming Women's 4 x 100 metres Medley Relay,Gold,19.0,179.0,72.0,1
2750.0,Aline Pellegrino,F,Brazil,BRA,2012 Summer,2012.0,Summer,London,Football,Football Women's Football,,28.0,170.0,77.0,1
4601.0,"Nikolay Aleksandrovich ""Nik"" Antropov",M,Kazakhstan,KAZ,2006 Winter,2006.0,Winter,Torino,Ice Hockey,Ice Hockey Men's Ice Hockey,,19.0,175.0,64.0,1
2361.0,Alan Jacob Alborn,M,United States,USA,2006 Winter,2006.0,Winter,Torino,Ski Jumping,"Ski Jumping Men's Normal Hill, Individual",,34.0,177.0,84.0,1
6856.0,Samuel Bai,M,Papua New Guinea,PNG,1996 Summer,1996.0,Summer,Atlanta,Athletics,Athletics Men's 4 x 400 metres Relay,,27.0,183.0,77.0,1
3559.0,Emmanuel Amunike,M,Nigeria,NGR,1996 Summer,1996.0,Summer,Atlanta,Football,Football Men's Football,Gold,33.0,186.0,70.0,1
1496.0,Giacomo Aimoni,M,Italy,ITA,1964 Winter,1964.0,Winter,Innsbruck,Ski Jumping,"Ski Jumping Men's Normal Hill, Individual",,26.0,176.0,71.0,1
3782.0,Terje Andersen,M,Norway,NOR,1980 Winter,1980.0,Winter,Lake Placid,Speed Skating,"Speed Skating Men's 1,000 metres",,33.0,167.0,54.0,1
1667.0,Mirabella Viliamivna Akhunu,F,Ukraine,UKR,2004 Summer,2004.0,Summer,Athina,Gymnastics,Gymnastics Women's Floor Exercise,,15.0,173.0,89.0,1
4654.0,Tomomi Aoki,F,Japan,JPN,2016 Summer,2016.0,Summer,Rio de Janeiro,Swimming,Swimming Women's 4 x 200 metres Freestyle Relay,,28.0,172.0,67.0,1
1483.0,Nobuyuki Aihara,M,Japan,JPN,1960 Summer,1960.0,Summer,Roma,Gymnastics,Gymnastics Men's Team All-Around,Gold,24.0,172.0,68.0,-1
6501.0,Fethi Baccouche,M,Tunisia,TUN,1988 Summer,1988.0,Summer,Seoul,Athletics,"Athletics Men's 3,000 metres Steeplechase",,23.0,190.0,85.0,1
2971.0,Carlos Domingos Bendinha de Almeida,M,Angola,ANG,2000 Summer,2000.0,Summer,Sydney,Basketball,Basketball Men's Basketball,,27.0,197.0,83.0,1
4472.0,Paul Eugne Albert Anspach,M,Belgium,BEL,1920 Summer,1920.0,Summer,Antwerpen,Fencing,"Fencing Men's epee, Team",Silver,29.0,184.0,89.0,1
5396.0,Vladimir Nikolayevich Artyomov,M,Soviet Union,URS,1988 Summer,1988.0,Summer,Seoul,Gymnastics,Gymnastics Men's Pommelled Horse,,26.0,183.0,150.0,1
6453.0,Bekim Babi,M,Yugoslavia,YUG,1992 Winter,1992.0,Winter,Albertville,Cross Country Skiing,Cross Country Skiing Men's 10/15 kilometres Pursuit,,35.0,185.0,88.0,1
7189.0,Egidijus Balinas,M,Lithuania,LTU,2000 Summer,2000.0,Summer,Sydney,Canoeing,"Canoeing Men's Kayak Doubles, 500 metres",,23.0,177.0,64.0,1
2186.0,Mohamed Fahad Al-Thuwani,M,Kuwait,KUW,1980 Summer,1980.0,Summer,Moskva,Fencing,"Fencing Men's epee, Team",,32.0,192.0,85.0,1
6110.0,Ceiber David vila Segura,M,Colombia,COL,2016 Summer,2016.0,Summer,Rio de Janeiro,Boxing,Boxing Men's Flyweight,,18.0,176.0,75.0,1
5237.0,"William Robert ""Bob"" Arnott",M,Australia,AUS,1952 Winter,1952.0,Winter,Oslo,Alpine Skiing,Alpine Skiing Men's Slalom,,17.0,175.0,70.0,1
3541.0,Iryna Vitalivna Amshennikova,F,Ukraine,UKR,2008 Summer,2008.0,Summer,Beijing,Swimming,Swimming Women's 200 metres Backstroke,,28.0,168.0,56.0,1
2705.0,Wazir Ali,M,Pakistan,PAK,1948 Summer,1948.0,Summer,London,Cycling,"Cycling Men's Road Race, Individual",,34.0,168.0,60.0,1
1774.0,Fawaz Al-Ahmad,M,Kuwait,KUW,1992 Summer,1992.0,Summer,Barcelona,Football,Football Men's Football,,23.0,186.0,78.0,1
2009.0,Osama Nassir Al-Khurafi,M,Kuwait,KUW,1984 Summer,1984.0,Summer,Los Angeles,Fencing,"Fencing Men's epee, Individual",,23.0,176.0,64.0,1
7294.0,Musaeb Abdulrahman Balla,M,Qatar,QAT,2012 Summer,2012.0,Summer,London,Athletics,Athletics Men's 800 metres,,22.0,176.0,76.0,1
6496.0,Leandro Martn Baccaro Coll,M,Argentina,ARG,1996 Summer,1996.0,Summer,Atlanta,Hockey,Hockey Men's Hockey,,27.0,175.0,72.0,1
1887.0,Jaklein Al-Duqom,F,Jordan,JOR,1988 Summer,1988.0,Summer,Seoul,Table Tennis,Table Tennis Women's Singles,,27.0,183.0,112.0,1
2914.0,Steve Allman,M,Norway,NOR,1992 Winter,1992.0,Winter,Albertville,Ice Hockey,Ice Hockey Men's Ice Hockey,,29.0,173.0,67.0,1
517.0,Glen Abrahams Martnez,M,Costa Rica,CRC,1984 Summer,1984.0,Summer,Los Angeles,Athletics,Athletics Men's 200 metres,,32.0,187.0,76.0,1
6621.0,Kevin Ashley Bacon,M,Australia,AUS,1968 Summer,1968.0,Summer,Mexico City,Equestrianism,"Equestrianism Mixed Jumping, Team",,25.0,180.0,67.0,1
1107.0,"Timothy Ernest Victor Kwizera ""Tim"" Agaba",M,South Africa,RSA,2016 Summer,2016.0,Summer,Rio de Janeiro,Rugby Sevens,Rugby Sevens Men's Rugby Sevens,Bronze,23.0,183.0,90.0,1
5549.0,Sergey Ashikhmin,M,Kyrgyzstan,KGZ,2000 Summer,2000.0,Summer,Sydney,Swimming,Swimming Men's 50 metres Freestyle,,27.0,175.0,78.0,1
581.0,Elisabeta Abrudeanu,F,Romania,ROU,1952 Summer,1952.0,Summer,Helsinki,Gymnastics,Gymnastics Women's Floor Exercise,,32.0,183.0,75.0,1
1257.0,Maximiliano Aguilar Salazar,M,Mexico,MEX,1968 Summer,1968.0,Summer,Mexico City,Swimming,Swimming Men's 100 metres Butterfly,,22.0,178.0,65.0,-1
5833.0,John Cox Atlee,M,United States,USA,1908 Summer,1908.0,Summer,London,Athletics,Athletics Men's 400 metres,,25.0,188.0,98.0,1
5823.0,Janelle Anya Monique Atkinson (-Wignall),F,Jamaica,JAM,2004 Summer,2004.0,Summer,Athina,Swimming,Swimming Women's 400 metres Freestyle,,27.0,170.0,68.0,1
5889.0,Ott Zsolt Aubli,M,Hungary,HUN,2008 Summer,2008.0,Summer,Beijing,Wrestling,"Wrestling Men's Super-Heavyweight, Freestyle",,22.0,180.0,69.0,1
5342.0,Abas Arslanagi,M,Yugoslavia,YUG,1972 Summer,1972.0,Summer,Munich,Handball,Handball Men's Handball,Gold,22.0,202.0,90.0,1
1837.0,Hamed Hamadan Al-Bishi,M,Saudi Arabia,KSA,2000 Summer,2000.0,Summer,Sydney,Athletics,Athletics Men's 4 x 400 metres Relay,,18.0,162.0,54.0,1
5014.0,Luis Teodoro Argel Mancilla,M,Argentina,ARG,1988 Winter,1988.0,Winter,Calgary,Biathlon,Biathlon Men's 10 kilometres Sprint,,40.0,191.0,98.0,1
3325.0,Santiago Amat Cansino,M,Spain,ESP,1924 Summer,1924.0,Summer,Paris,Sailing,Sailing Mixed One Person Dinghy,,21.0,181.0,90.0,1
6878.0,Margaret Ann Bailes (Johnson-),F,United States,USA,1968 Summer,1968.0,Summer,Mexico City,Athletics,Athletics Women's 200 metres,,27.0,187.0,82.0,1
4604.0,Ants Antson,M,Soviet Union,URS,1964 Winter,1964.0,Winter,Innsbruck,Speed Skating,"Speed Skating Men's 1,500 metres",Gold,29.0,165.0,51.0,-1
1947.0,Khuwaled Al-Harthi,M,Saudi Arabia,KSA,1984 Summer,1984.0,Summer,Los Angeles,Shooting,"Shooting Men's Air Rifle, 10 metres",,22.0,178.0,59.0,1
830.0,Adrian Neil Adams,M,Great Britain,GBR,1988 Summer,1988.0,Summer,Seoul,Judo,Judo Men's Half-Middleweight,,28.0,190.0,95.0,1
1647.0,Murodzhon Kakharovich Akhmadaliyev,M,Uzbekistan,UZB,2016 Summer,2016.0,Summer,Rio de Janeiro,Boxing,Boxing Men's Bantamweight,Bronze,31.0,173.0,77.0,1
1174.0,Robert David Garrick Agnew,M,Australia,AUS,1952 Summer,1952.0,Summer,Helsinki,Swimming,Swimming Men's 4 x 200 metres Freestyle Relay,,17.0,184.0,84.0,1
4335.0,Paolo Angioni,M,Italy,ITA,1964 Summer,1964.0,Summer,Tokyo,Equestrianism,"Equestrianism Mixed Three-Day Event, Individual",,22.0,188.0,75.0,1
4549.0,Stavroula Antonakou,F,Greece,GRE,2008 Summer,2008.0,Summer,Beijing,Water Polo,Water Polo Women's Water Polo,,24.0,177.0,62.0,1
5313.0,Eduardo Arroyo,M,Bolivia,BOL,1972 Summer,1972.0,Summer,Munich,Shooting,"Shooting Mixed Small-Bore Rifle, Prone, 50 metres",,34.0,172.0,70.0,1
6143.0,Jacky Nicolas Avril,M,France,FRA,1992 Summer,1992.0,Summer,Barcelona,Canoeing,"Canoeing Men's Canadian Singles, Slalom",Bronze,18.0,157.0,72.0,1
4564.0,Edvard Antonijevi,M,Yugoslavia,YUG,1928 Summer,1928.0,Summer,Amsterdam,Gymnastics,Gymnastics Men's Rings,,26.0,162.0,44.0,1
3656.0,Jos Andrs Anchondo Garca,M,Mexico,MEX,1992 Summer,1992.0,Summer,Barcelona,Archery,Archery Men's Individual,,33.0,181.0,91.0,1
5764.0,Tsancho Atanasov,M,Bulgaria,BUL,1976 Summer,1976.0,Summer,Montreal,Judo,Judo Men's Half-Heavyweight,,19.0,170.0,79.0,1
5775.0,Augustine Atasie,M,Nigeria,NGR,1980 Summer,1980.0,Summer,Moskva,Wrestling,"Wrestling Men's Featherweight, Freestyle",,24.0,178.0,63.0,1
5595.0,Morten Ask,M,Norway,NOR,2014 Winter,2014.0,Winter,Sochi,Ice Hockey,Ice Hockey Men's Ice Hockey,,17.0,166.0,60.0,1
3034.0,Jos Mara Alonso de Areyzaga,M,Spain-2,ESP,1920 Summer,1920.0,Summer,Antwerpen,Tennis,Tennis Men's Doubles,,28.0,184.0,74.0,1
3419.0,Eric Donu Amevor,M,Ghana,GHA,1964 Summer,1964.0,Summer,Tokyo,Athletics,"Athletics Men's 1,500 metres",,28.0,184.0,84.0,1
5389.0,Michel Artola,M,France,FRA,1924 Summer,1924.0,Summer,Paris,Equestrianism,"Equestrianism Men's Three-Day Event, Team",,30.0,170.0,65.0,1
7056.0,Abdullah Hel Baki,M,Bangladesh,BAN,2016 Summer,2016.0,Summer,Rio de Janeiro,Shooting,"Shooting Men's Air Rifle, 10 metres",,21.0,170.0,63.0,1
4552.0,"Cosimo ""Nino"" Antonelli",M,Italy,ITA,1956 Summer,1956.0,Summer,Melbourne,Water Polo,Water Polo Men's Water Polo,,30.0,193.0,80.0,1
3891.0,Arvid Leander Andersson,M,Sweden,SWE,1912 Summer,1912.0,Summer,Stockholm,Tug-Of-War,Tug-Of-War Men's Tug-Of-War,Gold,21.0,179.0,80.0,-1
4105.0,Oegs Andrejevs,M,Latvia,LAT,2006 Winter,2006.0,Winter,Torino,Cross Country Skiing,Cross Country Skiing Men's 50 kilometres,,21.0,176.0,72.0,1
6930.0,Sandrine Bailly,F,France,FRA,2010 Winter,2010.0,Winter,Vancouver,Biathlon,Biathlon Women's 10 kilometres Pursuit,,18.0,160.0,66.0,1
40.0,Roald Edgar Aas,M,Norway,NOR,1952 Winter,1952.0,Winter,Oslo,Speed Skating,"Speed Skating Men's 1,500 metres",Bronze,32.0,177.0,74.0,1
2095.0,Haji Bakr Al-Qahtani,M,Saudi Arabia,KSA,1988 Summer,1988.0,Summer,Seoul,Athletics,Athletics Men's 400 metres,,33.0,183.0,68.0,1
6101.0,Nikolay Sergeyevich Averyanov,M,Russia,RUS,2004 Summer,2004.0,Summer,Athina,Athletics,Athletics Men's Decathlon,,25.0,185.0,89.0,1
3802.0,Colin Anderson,M,Australia,AUS,1956 Summer,1956.0,Summer,Melbourne,Shooting,"Shooting Men's Running Target, Single And Double Shot",,21.0,175.0,54.0,1
4600.0,Andrey Mikhaylovich Antropov,M,Russia,RUS,1996 Summer,1996.0,Summer,Atlanta,Badminton,Badminton Men's Doubles,,15.0,142.0,36.0,1
605.0,Fernando J. Abugattas Aboino,M,Peru,PER,1968 Summer,1968.0,Summer,Mexico City,Athletics,Athletics Men's High Jump,,15.0,168.0,55.0,1
3642.0,"Lawrence Joseph ""Larry"" Anastasi",M,United States,USA,1964 Summer,1964.0,Summer,Tokyo,Fencing,"Fencing Men's epee, Team",,25.0,175.0,77.0,1
6740.0,Baek Won-Cheol,M,South Korea,KOR,2012 Summer,2012.0,Summer,London,Handball,Handball Men's Handball,,24.0,180.0,74.0,1
4712.0,Elbieta Rozalia Apostolska (-Kamiska),F,Poland,POL,1964 Summer,1964.0,Summer,Tokyo,Gymnastics,Gymnastics Women's Floor Exercise,,24.0,182.0,81.0,1
3088.0,Altangadasyn Sodnomdarjaa,M,Mongolia,MGL,1992 Winter,1992.0,Winter,Albertville,Speed Skating,"Speed Skating Men's 1,000 metres",,23.0,180.0,67.0,1
4685.0,Katrin Apel,F,Germany,GER,1998 Winter,1998.0,Winter,Nagano,Biathlon,Biathlon Women's 4 x 7.5 kilometres Relay,Gold,21.0,179.0,70.0,1
6324.0,Orlando Trindade da Ressurreio Ferreira Azinhais,M,Portugal,POR,1960 Summer,1960.0,Summer,Roma,Fencing,"Fencing Men's Sabre, Individual",,21.0,196.0,104.0,1
6477.0,Ion Ionescu Baboe,M,Romania,ROU,1952 Summer,1952.0,Summer,Helsinki,Athletics,Athletics Men's 50 kilometres Walk,,23.0,185.0,82.0,1
5820.0,Courtney Atkinson,M,Australia,AUS,2008 Summer,2008.0,Summer,Beijing,Triathlon,Triathlon Men's Olympic Distance,,27.0,175.0,72.0,1
2964.0,Azul Lizeth Almazn Lpez,F,Mexico,MEX,2000 Summer,2000.0,Summer,Sydney,Diving,Diving Women's Springboard,,26.0,180.0,64.0,1
4057.0,"William Jules ""Bill"" Andre",M,United States,USA,1956 Summer,1956.0,Summer,Melbourne,Modern Pentathlon,Modern Pentathlon Men's Team,Silver,28.0,190.0,102.0,1
2134.0,Prince Abdullah Bin Moteb Al-Saud,M,Saudi Arabia,KSA,2008 Summer,2008.0,Summer,Beijing,Equestrianism,"Equestrianism Mixed Jumping, Individual",,25.0,174.0,65.0,1
5363.0,"Alexander Vladimirovich ""Sasha"" Artemev",M,United States,USA,2008 Summer,2008.0,Summer,Beijing,Gymnastics,Gymnastics Men's Individual All-Around,,31.0,179.0,82.0,1
1671.0,Takeshi Akiba,M,Japan,JPN,1972 Winter,1972.0,Winter,Sapporo,Ice Hockey,Ice Hockey Men's Ice Hockey,,19.0,180.0,72.0,1
6288.0,Muhammad Azam Mian,M,Pakistan,PAK,1960 Summer,1960.0,Summer,Roma,Weightlifting,Weightlifting Men's Bantamweight,,25.0,177.0,69.0,1
1422.0,Ahn Jin-Soo,M,South Korea,KOR,1992 Winter,1992.0,Winter,Albertville,Cross Country Skiing,Cross Country Skiing Men's 10/15 kilometres Pursuit,,27.0,169.0,69.0,1
2951.0,Nestor Almanza Baro,M,Cuba,CUB,1992 Summer,1992.0,Summer,Barcelona,Wrestling,"Wrestling Men's Welterweight, Greco-Roman",,23.0,175.0,73.0,1
1435.0,Janne Petteri Ahonen,M,Finland,FIN,2006 Winter,2006.0,Winter,Torino,Ski Jumping,"Ski Jumping Men's Large Hill, Individual",,19.0,165.0,58.0,1
1750.0,Armah Akuetteh,M,Ghana,GHA,1972 Summer,1972.0,Summer,Munich,Football,Football Men's Football,,19.0,181.0,70.0,1
3623.0,Takamasa Anai,M,Japan,JPN,2012 Summer,2012.0,Summer,London,Judo,Judo Men's Half-Heavyweight,,40.0,172.0,74.0,1
2430.0,Ramn Aldea,M,Philippines,PHI,1972 Summer,1972.0,Summer,Munich,Archery,Archery Men's Individual,,29.0,179.0,79.0,1
3097.0,Maria Suelen Altheman,F,Brazil,BRA,2016 Summer,2016.0,Summer,Rio de Janeiro,Judo,Judo Women's Heavyweight,,18.0,167.0,51.0,1
4490.0,Seraphino Antao,M,Kenya,KEN,1960 Summer,1960.0,Summer,Roma,Athletics,Athletics Men's 200 metres,,33.0,178.0,70.0,1
565.0,Glauclio Serro Abreu,M,Brazil,BRA,2004 Summer,2004.0,Summer,Athina,Boxing,Boxing Men's Middleweight,,28.0,186.0,78.0,1
6982.0,Boena Bk (-Siemieniec),F,Poland,POL,1992 Summer,1992.0,Summer,Barcelona,Badminton,Badminton Women's Singles,,16.0,182.0,67.0,1
548.0,Yekaterina Konstantinovna Abramova,F,Russia,RUS,2006 Winter,2006.0,Winter,Torino,Speed Skating,"Speed Skating Women's 1,000 metres",,19.0,184.0,78.0,1
2949.0,Jos Luis Almandoz Lekuona,M,Spain,ESP,1960 Summer,1960.0,Summer,Roma,Rowing,Rowing Men's Coxed Eights,,24.0,181.0,74.0,1
2869.0,"Scott Ethan ""Scotty"" Allen",M,United States,USA,1964 Winter,1964.0,Winter,Innsbruck,Figure Skating,Figure Skating Men's Singles,Bronze,16.0,167.0,58.0,1
6364.0,Omar Azzeb,M,Algeria,ALG,1984 Summer,1984.0,Summer,Los Angeles,Handball,Handball Men's Handball,,19.0,184.0,78.0,1
6618.0,"Christopher Gerald ""Chris"" Bacon",M,Australia,AUS,1992 Summer,1992.0,Summer,Barcelona,Judo,Judo Men's Middleweight,,23.0,168.0,53.0,1
1639.0,Albina Khamitovna Akhatova,F,Russia,RUS,1998 Winter,1998.0,Winter,Nagano,Biathlon,Biathlon Women's 4 x 7.5 kilometres Relay,Silver,58.0,180.0,85.0,1
998.0,ke Ronnie Adolfsson,M,Sweden,SWE,1980 Winter,1980.0,Winter,Lake Placid,Biathlon,Biathlon Men's 4 x 7.5 kilometres Relay,,26.0,174.0,62.0,1
6300.0,Albert Azaryan,M,Soviet Union,URS,1956 Summer,1956.0,Summer,Melbourne,Gymnastics,Gymnastics Men's Parallel Bars,,29.0,176.0,74.0,1
7282.0,Liam Patrick Ball,M,Ireland,IRL,1972 Summer,1972.0,Summer,Munich,Swimming,Swimming Men's 200 metres Breaststroke,,32.0,173.0,75.0,1
82.0,Enrique Abaroa Martnez,M,Mexico,MEX,2000 Summer,2000.0,Summer,Sydney,Tennis,Tennis Men's Doubles,,24.0,175.0,74.0,1
770.0,Marcus Adam,M,Great Britain-1,GBR,2002 Winter,2002.0,Winter,Salt Lake City,Bobsleigh,Bobsleigh Men's Two,,33.0,175.0,58.0,1
4462.0,Michel Ansermet,M,Switzerland,SUI,1996 Summer,1996.0,Summer,Atlanta,Shooting,"Shooting Men's Rapid-Fire Pistol, 25 metres",,21.0,186.0,75.0,1
1540.0,Artur Surenovych Aivazian,M,Ukraine,UKR,2012 Summer,2012.0,Summer,London,Shooting,"Shooting Men's Small-Bore Rifle, Three Positions, 50 metres",,24.0,204.0,97.0,1
4722.0,Mikael Appelgren,M,Sweden,SWE,2016 Summer,2016.0,Summer,Rio de Janeiro,Handball,Handball Men's Handball,,26.0,179.0,81.0,1
3755.0,Knud Erik Andersen,M,Denmark,DEN,1952 Summer,1952.0,Summer,Helsinki,Cycling,"Cycling Men's Team Pursuit, 4,000 metres",,26.0,192.0,93.0,1
124.0,Youssef Mohamed Abbas,M,Egypt,EGY,1952 Summer,1952.0,Summer,Helsinki,Basketball,Basketball Men's Basketball,,25.0,183.0,68.0,1
5572.0,Diana Elizabeth Ashton,F,Great Britain,GBR,1972 Summer,1972.0,Summer,Munich,Swimming,Swimming Women's 200 metres Backstroke,,29.0,168.0,59.0,1
4187.0,Yelena Valentinovna Andreyuk (-Chesnokova),F,Soviet Union,URS,1980 Summer,1980.0,Summer,Moskva,Volleyball,Volleyball Women's Volleyball,Gold,25.0,189.0,89.0,-1
3325.0,Santiago Amat Cansino,M,Amolgavar,ESP,1924 Summer,1924.0,Summer,Paris,Sailing,Sailing Mixed 6 metres,,18.0,148.0,39.0,1
2965.0,"sa Annelie Charlotte ""Lotta"" Almblad (-Lindefors)",F,Sweden,SWE,1998 Winter,1998.0,Winter,Nagano,Ice Hockey,Ice Hockey Women's Ice Hockey,,23.0,170.0,61.0,1
3376.0,Ferencz Ambru,M,Romania,ROU,1952 Summer,1952.0,Summer,Helsinki,Boxing,Boxing Men's Light-Welterweight,,25.0,172.0,83.0,-1
6881.0,Angela Bailey,F,Canada,CAN,1984 Summer,1984.0,Summer,Los Angeles,Athletics,Athletics Women's 100 metres,,18.0,162.0,46.0,1
140.0,"William ""Bill"" Abbott Jr.",M,Canada,CAN,2000 Summer,2000.0,Summer,Sydney,Sailing,Sailing Mixed Three Person Keelboat,,31.0,164.0,59.0,1
4878.0,Pierre Arbaji,M,Lebanon,LIB,1960 Summer,1960.0,Summer,Roma,Sailing,Sailing Mixed One Person Dinghy,,22.0,170.0,62.0,1
7169.0,Arthur Balbaert,M,Belgium,BEL,1924 Summer,1924.0,Summer,Paris,Shooting,"Shooting Men's Free Rifle, Prone, 600 metres",,22.0,186.0,92.0,1
406.0,Ramn Neptuno Abella Caside,M,Uruguay,URU,1948 Summer,1948.0,Summer,London,Water Polo,Water Polo Men's Water Polo,,19.0,185.0,78.0,1
6986.0,Lars Ytting Bak,M,Denmark,DEN,2012 Summer,2012.0,Summer,London,Cycling,Cycling Men's Individual Time Trial,,20.0,172.0,75.0,1
1049.0,Lon Joseph Aelter (-Freddy),M,Belgium,BEL,1912 Summer,1912.0,Summer,Stockholm,Athletics,Athletics Men's 100 metres,,21.0,159.0,53.0,1
4766.0,Claude Henri Ferdinand Dalmas Arabo,M,France,FRA,1968 Summer,1968.0,Summer,Mexico City,Fencing,"Fencing Men's Sabre, Team",,26.0,167.0,60.0,1
1707.0,Aulis Juhani Akonniemi,M,Finland,FIN,1984 Summer,1984.0,Summer,Los Angeles,Athletics,Athletics Men's Shot Put,,20.0,160.0,59.0,1
4833.0,Jos Roberto Diiz Aranha,M,Brazil,BRA,1968 Summer,1968.0,Summer,Mexico City,Swimming,Swimming Men's 4 x 100 metres Medley Relay,,26.0,178.0,69.0,1
2913.0,Andrique Allisop,M,Seychelles,SEY,2012 Summer,2012.0,Summer,London,Boxing,Boxing Men's Lightweight,,23.0,185.0,77.0,1
2536.0,Elfenesh Alemu,F,Ethiopia,ETH,2004 Summer,2004.0,Summer,Athina,Athletics,Athletics Women's Marathon,,26.0,187.0,74.0,1
4848.0,Jacob Araptany,M,Uganda,UGA,2016 Summer,2016.0,Summer,Rio de Janeiro,Athletics,"Athletics Men's 3,000 metres Steeplechase",,31.0,190.0,70.0,1
725.0,Roslandy del Valle Acosta Alvarado,F,Venezuela,VEN,2008 Summer,2008.0,Summer,Beijing,Volleyball,Volleyball Women's Volleyball,,20.0,190.0,62.0,-1
6089.0,Marshall Scott Avener,M,United States,USA,1972 Summer,1972.0,Summer,Munich,Gymnastics,Gymnastics Men's Rings,,32.0,175.0,64.0,1
443.0,Ismail Abilov (-Nizamolu),M,Bulgaria,BUL,1980 Summer,1980.0,Summer,Moskva,Wrestling,"Wrestling Men's Middleweight, Freestyle",Gold,24.0,174.0,70.0,1
1622.0,Michelle Anne Akers,F,United States,USA,1996 Summer,1996.0,Summer,Atlanta,Football,Football Women's Football,Gold,33.0,167.0,61.0,1
6048.0,Gilbert Ren  Auvergne,M,France,FRA,1928 Summer,1928.0,Summer,Amsterdam,Athletics,Athletics Men's 100 metres,,23.0,170.0,69.0,1
4525.0,Timo Erkki Antila,M,Finland,FIN,2002 Winter,2002.0,Winter,Salt Lake City,Biathlon,Biathlon Men's 4 x 7.5 kilometres Relay,,35.0,178.0,82.0,1
7298.0,Emilio Ballado Alvarado,M,Mexico,MEX,1936 Summer,1936.0,Summer,Berlin,Boxing,Boxing Men's Welterweight,,26.0,160.0,58.0,1
2564.0,Ayanna Alexander,F,Trinidad and Tobago,TTO,2012 Summer,2012.0,Summer,London,Athletics,Athletics Women's Triple Jump,,26.0,176.0,60.0,1
3724.0,Gjert Andersen,M,Norway,NOR,1968 Winter,1968.0,Winter,Grenoble,Nordic Combined,Nordic Combined Men's Individual,,27.0,163.0,59.0,1
883.0,Charles Addo-Odametey,M,Ghana,GHA,1968 Summer,1968.0,Summer,Mexico City,Football,Football Men's Football,,19.0,164.0,66.0,1
6300.0,Albert Azaryan,M,Soviet Union,URS,1956 Summer,1956.0,Summer,Melbourne,Gymnastics,Gymnastics Men's Rings,Gold,26.0,180.0,58.0,1
4295.0,Vasiliki Angelopoulou,F,Greece,GRE,2004 Summer,2004.0,Summer,Athina,Swimming,Swimming Women's 200 metres Butterfly,,22.0,168.0,68.0,1
6861.0,Davide Baiardo,M,Italy,ITA,1908 Summer,1908.0,Summer,London,Swimming,Swimming Men's 400 metres Freestyle,,22.0,158.0,58.0,1
410.0,Edwige Marie Abna Fouda,F,Cameroon,CMR,1996 Summer,1996.0,Summer,Atlanta,Athletics,Athletics Women's 4 x 100 metres Relay,,26.0,176.0,64.0,1
5563.0,Kumar Ashok,M,India,IND,1980 Summer,1980.0,Summer,Moskva,Wrestling,"Wrestling Men's Flyweight, Freestyle",,19.0,180.0,70.0,1
856.0,Per Owe Adamson,M,Sweden,SWE,1960 Summer,1960.0,Summer,Roma,Cycling,Cycling Men's 100 kilometres Team Time Trial,,28.0,178.0,85.0,1
6600.0,Christa Maria Bckman,F,Sweden,SWE,1996 Summer,1996.0,Summer,Atlanta,Archery,Archery Women's Team,,24.0,182.0,79.0,1
17.0,Paavo Johannes Aaltonen,M,Finland,FIN,1952 Summer,1952.0,Summer,Helsinki,Gymnastics,Gymnastics Men's Rings,,23.0,168.0,62.0,1
15.0,Arvo Ossian Aaltonen,M,Finland,FIN,1920 Summer,1920.0,Summer,Antwerpen,Swimming,Swimming Men's 200 metres Breaststroke,Bronze,21.0,178.0,71.0,1
6317.0,"Anthony Lawrence ""Tony"" Azevedo",M,United States,USA,2008 Summer,2008.0,Summer,Beijing,Water Polo,Water Polo Men's Water Polo,Silver,37.0,183.0,71.0,1
544.0,Sergey Mikhaylovich Abramov,M,Russia,RUS,1994 Winter,1994.0,Winter,Lillehammer,Ice Hockey,Ice Hockey Men's Ice Hockey,,30.0,191.0,97.0,1
2977.0,Luiza Tavares de Almeida,F,Brazil,BRA,2008 Summer,2008.0,Summer,Beijing,Equestrianism,"Equestrianism Mixed Dressage, Individual",,26.0,171.0,80.0,1
5598.0,Rouhollah Askari Gandomani,M,Iran,IRI,2012 Summer,2012.0,Summer,London,Athletics,Athletics Men's 110 metres Hurdles,,23.0,176.0,70.0,1
5550.0,Mamodaly Ashikhoussen,M,Madagascar,MAD,1980 Summer,1980.0,Summer,Moskva,Judo,Judo Men's Extra-Lightweight,,27.0,181.0,80.0,1
4409.0,irts Ankipns,M,Latvia,LAT,2010 Winter,2010.0,Winter,Vancouver,Ice Hockey,Ice Hockey Men's Ice Hockey,,25.0,181.0,67.0,-1
7169.0,Arthur Balbaert,M,Belgium,BEL,1920 Summer,1920.0,Summer,Antwerpen,Shooting,"Shooting Men's Military Rifle, Prone, 600 metres, Team",,20.0,172.0,70.0,1
1742.0,Irina Anatolyevna Aksyonova,F,Soviet Union,URS,1980 Summer,1980.0,Summer,Moskva,Swimming,Swimming Women's 400 metres Freestyle,,15.0,174.0,52.0,-1
2112.0,Abdullah Al-Rashidi,M,Kuwait,KUW,2000 Summer,2000.0,Summer,Sydney,Shooting,Shooting Men's Skeet,,22.0,181.0,85.0,1
1882.0,Jamal Ahmed Youssuf Al-Doseri,M,Bahrain,BRN,1992 Summer,1992.0,Summer,Barcelona,Cycling,Cycling Men's 100 kilometres Team Time Trial,,39.0,188.0,113.0,1
3225.0,Paulo Loureno Martins Alves,M,Portugal,POR,1996 Summer,1996.0,Summer,Atlanta,Football,Football Men's Football,,21.0,175.0,54.0,1
7219.0,Stefano Baldini,M,Italy,ITA,2000 Summer,2000.0,Summer,Sydney,Athletics,Athletics Men's Marathon,,27.0,172.0,52.0,1
3733.0,Herman Viktor Gunder Andersen,M,Denmark,DEN,1924 Summer,1924.0,Summer,Paris,Wrestling,"Wrestling Men's Bantamweight, Greco-Roman",,23.0,175.0,75.0,1
2958.0,Houshmand Almasi,M,Iran,IRI,1964 Summer,1964.0,Summer,Tokyo,Fencing,"Fencing Men's Sabre, Team",,28.0,175.0,68.0,1
3550.0,"Erasmus Samuel A. O. ""Sam"" Amukun",M,Uganda,UGA,1964 Summer,1964.0,Summer,Tokyo,Athletics,Athletics Men's 200 metres,,20.0,154.0,49.0,1
4001.0,Jos Anda Aguilar,M,Spain,ESP,1924 Summer,1924.0,Summer,Paris,Athletics,"Athletics Men's 3,000 metres, Team",,17.0,165.0,54.0,1
4586.0,Yelena Anatolyevna Antonova,F,Russia,RUS,1996 Summer,1996.0,Summer,Atlanta,Synchronized Swimming,Synchronized Swimming Women's Team,,28.0,211.0,105.0,1
509.0,Gary Abraham,M,Great Britain,GBR,1980 Summer,1980.0,Summer,Moskva,Swimming,Swimming Men's 4 x 100 metres Medley Relay,Bronze,22.0,179.0,68.0,1
386.0,Alexandre Abeid,M,Brazil,BRA,1972 Summer,1972.0,Summer,Munich,Volleyball,Volleyball Men's Volleyball,,26.0,174.0,64.0,1
4892.0,Jaime Arbs Serra,M,Spain,ESP,1972 Summer,1972.0,Summer,Munich,Hockey,Hockey Men's Hockey,,15.0,179.0,66.0,1
7280.0,"James Allan ""Jimmy"" Ball",M,Canada,CAN,1932 Summer,1932.0,Summer,Los Angeles,Athletics,Athletics Men's 400 metres,,29.0,183.0,108.0,1
2867.0,Roseanne Allen,F,Canada,CAN,1972 Winter,1972.0,Winter,Sapporo,Cross Country Skiing,Cross Country Skiing Women's 5 kilometres,,32.0,180.0,93.0,1
6234.0,Thomas Ayeko,M,Uganda,UGA,2012 Summer,2012.0,Summer,London,Athletics,"Athletics Men's 10,000 metres",,39.0,176.0,72.0,1
5948.0,Axel Louis Augis,M,France,FRA,2016 Summer,2016.0,Summer,Rio de Janeiro,Gymnastics,Gymnastics Men's Parallel Bars,,21.0,176.0,80.0,1
1695.0,Lahcen Samsam Akka,M,Morocco,MAR,1964 Summer,1964.0,Summer,Tokyo,Athletics,Athletics Men's Shot Put,,33.0,176.0,69.0,1
3337.0,Lorenzo Amaya Toledo,M,Argentina,ARG,1924 Summer,1924.0,Summer,Paris,Shooting,"Shooting Men's Rapid-Fire Pistol, 25 metres",,16.0,170.0,57.0,1
2102.0,Saeed Rashed Al-Qubaisi,M,United Arab Emirates,UAE,2008 Summer,2008.0,Summer,Beijing,Judo,Judo Men's Lightweight,,20.0,182.0,68.0,1
775.0,Otto Adam,M,Germany,GER,1936 Summer,1936.0,Summer,Berlin,Fencing,"Fencing Men's Foil, Team",Bronze,19.0,164.0,63.0,1
1239.0,Eduardo Aguilar Estrada,M,Spain,ESP,2004 Summer,2004.0,Summer,Athina,Hockey,Hockey Men's Hockey,,23.0,164.0,53.0,1
1697.0,Halil Akka,M,Turkey,TUR,2008 Summer,2008.0,Summer,Beijing,Athletics,"Athletics Men's 3,000 metres Steeplechase",,27.0,182.0,77.0,1
3423.0,Hilda Amezaga Harfuch,F,Mexico,MEX,1972 Summer,1972.0,Summer,Munich,Gymnastics,Gymnastics Women's Team All-Around,,22.0,181.0,78.0,1
5456.0,Nobuharu Asahara,M,Japan,JPN,1996 Summer,1996.0,Summer,Atlanta,Athletics,Athletics Men's 4 x 100 metres Relay,,28.0,175.0,80.0,1
2735.0,Sergey Gennadyevich Alifirenko,M,Russia,RUS,2000 Summer,2000.0,Summer,Sydney,Shooting,"Shooting Men's Rapid-Fire Pistol, 25 metres",Gold,20.0,178.0,74.0,1
5493.0,Peter Gregory Asch,M,United States,USA,1972 Summer,1972.0,Summer,Munich,Water Polo,Water Polo Men's Water Polo,Bronze,24.0,178.0,67.0,1
6304.0,Hrcules Azcune,M,Uruguay,URU,1952 Summer,1952.0,Summer,Helsinki,Athletics,Athletics Men's High Jump,,22.0,184.0,82.0,1
255.0,Mahmoud Ahmed Abdin,M,Egypt,EGY,1936 Summer,1936.0,Summer,Berlin,Fencing,"Fencing Men's epee, Team",,24.0,165.0,52.0,1
2432.0,Armando Rodrigues Aldegalega,M,Portugal,POR,1964 Summer,1964.0,Summer,Tokyo,Athletics,Athletics Men's Marathon,,23.0,152.0,44.0,1
702.0,Ronny Ackermann,M,Germany,GER,1998 Winter,1998.0,Winter,Nagano,Nordic Combined,Nordic Combined Men's Individual,,21.0,186.0,78.0,1
7000.0,"Oluwadamilola ""Dami"" Bakare",M,Great Britain,GBR,2012 Summer,2012.0,Summer,London,Volleyball,Volleyball Men's Volleyball,,20.0,181.0,65.0,1
5302.0,Morgan Arritola,F,United States,USA,2010 Winter,2010.0,Winter,Vancouver,Cross Country Skiing,Cross Country Skiing Women's 30 kilometres,,36.0,178.0,61.0,1
4328.0,Grigore Anghel,M,Romania-2,ROU,1988 Winter,1988.0,Winter,Calgary,Bobsleigh,Bobsleigh Men's Two,,22.0,162.0,61.0,1
3060.0,Adolfo Alperi Plaza,M,Spain,ESP,1992 Summer,1992.0,Summer,Barcelona,Cycling,"Cycling Men's Team Pursuit, 4,000 metres",,20.0,180.0,71.0,1
1568.0,William Michael Jeffrey Akabi-Davis,M,Sierra Leone,SLE,1980 Summer,1980.0,Summer,Moskva,Athletics,Athletics Men's 4 x 400 metres Relay,,27.0,187.0,87.0,1
2666.0,Amos Ali,M,Papua New Guinea,PNG,1996 Summer,1996.0,Summer,Atlanta,Athletics,Athletics Men's 4 x 400 metres Relay,,21.0,183.0,84.0,1
1602.0,Ahmet Akdilek,M,Turkey,TUR,2012 Summer,2012.0,Summer,London,Cycling,Cycling Men's Individual Time Trial,,23.0,185.0,78.0,1
4764.0,Dakula Arabani,M,Philippines,PHI,1956 Summer,1956.0,Summer,Melbourne,Swimming,Swimming Men's 100 metres Freestyle,,23.0,181.0,78.0,1
3390.0,Solomon Amegatcher,M,Ghana,GHA,1992 Summer,1992.0,Summer,Barcelona,Athletics,Athletics Men's 400 metres,,21.0,163.0,59.0,1
4605.0,Maryna Mykolavna Antsybor,F,Ukraine,UKR,2014 Winter,2014.0,Winter,Sochi,Cross Country Skiing,Cross Country Skiing Women's 4 x 5 kilometres Relay,,16.0,160.0,48.0,1
1525.0,Zied Ait Ouagram,M,Tunisia,TUN,2012 Summer,2012.0,Summer,London,Wrestling,"Wrestling Men's Middleweight, Greco-Roman",,18.0,168.0,61.0,1
1757.0,Noah Akwu,M,Nigeria,NGR,2012 Summer,2012.0,Summer,London,Athletics,Athletics Men's 200 metres,,22.0,186.0,90.0,1
6442.0,"Conrad Stanton Babcock, Jr.",M,United States,USA,1936 Summer,1936.0,Summer,Berlin,Equestrianism,"Equestrianism Men's Dressage, Team",,21.0,168.0,62.0,1
1868.0,Khamis Al-Owairan Al-Dosari,M,Saudi Arabia,KSA,1996 Summer,1996.0,Summer,Atlanta,Football,Football Men's Football,,42.0,167.0,68.0,1
3931.0,Arne Joakim Andersson,M,Sweden,SWE,1988 Summer,1988.0,Summer,Seoul,Diving,Diving Men's Springboard,,34.0,170.0,68.0,1
5930.0,Ingrid Auerswald-Lange (Brestrich-),F,East Germany,GDR,1988 Summer,1988.0,Summer,Seoul,Athletics,Athletics Women's 4 x 100 metres Relay,Silver,26.0,168.0,70.0,1
766.0,Ji Adam,M,Czechoslovakia,TCH,1976 Summer,1976.0,Summer,Montreal,Modern Pentathlon,Modern Pentathlon Men's Team,Silver,23.0,179.0,73.0,1
4943.0,Jos Arconada Ramos,M,Spain,ESP,1992 Summer,1992.0,Summer,Barcelona,Athletics,Athletics Men's 800 metres,,23.0,169.0,71.0,1
6157.0,Baraah Awadallah Marouane,F,Jordan,JOR,2008 Summer,2008.0,Summer,Beijing,Athletics,Athletics Women's 800 metres,,23.0,163.0,55.0,1
4156.0,Jon David Andrews,M,New Zealand,NZL,1992 Summer,1992.0,Summer,Barcelona,Cycling,Cycling Men's Sprint,,22.0,167.0,65.0,-1
4469.0,Jennifer Anson,F,Palau,PLW,2012 Summer,2012.0,Summer,London,Judo,Judo Women's Half-Middleweight,,29.0,197.0,98.0,1
4323.0,Monique Angermller,F,Germany,GER,2010 Winter,2010.0,Winter,Vancouver,Speed Skating,"Speed Skating Women's 1,500 metres",,35.0,172.0,65.0,-1
4777.0,Yoshimitsu Aragaki,M,Japan,JPN,1972 Summer,1972.0,Summer,Munich,Boxing,Boxing Men's Light-Flyweight,,22.0,180.0,75.0,1
6398.0,"Christina Wilhelmina ""Stien"" Baas-Kaiser",F,Netherlands,NED,1972 Winter,1972.0,Winter,Sapporo,Speed Skating,"Speed Skating Women's 3,000 metres",Gold,41.0,177.0,93.0,1
6276.0,Ahmet Aytar,M,Turkey,TUR,1952 Summer,1952.0,Summer,Helsinki,Athletics,Athletics Men's Marathon,,32.0,177.0,78.0,1
6916.0,Charles Kennett Baillee,M,Great Britain,GBR,1924 Summer,1924.0,Summer,Paris,Swimming,Swimming Men's 100 metres Freestyle,,25.0,176.0,76.0,1
3459.0,Mobange Amisi,M,Congo (Kinshasa),COD,1988 Summer,1988.0,Summer,Seoul,Cycling,Cycling Men's 100 kilometres Team Time Trial,,28.0,170.0,74.0,1
5161.0,Gary Armstrong,M,Great Britain,GBR,1972 Summer,1972.0,Summer,Munich,Athletics,Athletics Men's 400 metres,,26.0,163.0,65.0,1
3104.0,Elif Altnkaynak,F,Turkey,TUR,2000 Summer,2000.0,Summer,Sydney,Archery,Archery Women's Team,,26.0,180.0,84.0,1
7316.0,Mario Balleri,M,Italy,ITA,1932 Summer,1932.0,Summer,Los Angeles,Rowing,Rowing Men's Coxed Eights,Silver,23.0,167.0,59.0,1
6880.0,Aleen May Bailey,F,Jamaica,JAM,2004 Summer,2004.0,Summer,Athina,Athletics,Athletics Women's 4 x 100 metres Relay,Gold,17.0,167.0,75.0,1
4559.0,Stavros Antoniadis,M,Greece,GRE,1906 Summer,1906.0,Summer,Athina,Athletics,"Athletics Men's Javelin Throw, Freestyle",,24.0,176.0,85.0,1
1590.0,Ahmed Akbari Javid,M,Iran,IRI,1976 Summer,1976.0,Summer,Montreal,Fencing,"Fencing Men's Sabre, Team",,16.0,158.0,50.0,1
5396.0,Vladimir Nikolayevich Artyomov,M,Soviet Union,URS,1988 Summer,1988.0,Summer,Seoul,Gymnastics,Gymnastics Men's Team All-Around,Gold,23.0,183.0,70.0,-1
1562.0,Olusegun Ajose,M,Nigeria,NGR,2000 Summer,2000.0,Summer,Sydney,Boxing,Boxing Men's Light-Welterweight,,22.0,155.0,63.0,-1
1222.0,ngel Aguiar Garca,M,Cuba,CUB,1952 Summer,1952.0,Summer,Helsinki,Gymnastics,Gymnastics Men's Floor Exercise,,33.0,173.0,72.0,1
6436.0,Kristen Elizabeth Babb-Sprague,F,United States,USA,1992 Summer,1992.0,Summer,Barcelona,Synchronized Swimming,Synchronized Swimming Women's Solo,Gold,24.0,157.0,50.0,1
7280.0,"James Allan ""Jimmy"" Ball",M,Canada,CAN,1928 Summer,1928.0,Summer,Amsterdam,Athletics,Athletics Men's 4 x 400 metres Relay,Bronze,30.0,181.0,68.0,1
2037.0,Ayoub Al-Mas,M,United Arab Emirates,UAE,2000 Summer,2000.0,Summer,Sydney,Swimming,Swimming Men's 50 metres Freestyle,,20.0,150.0,39.0,-1
6906.0,Ryan Bailey,M,United States,USA,2008 Summer,2008.0,Summer,Beijing,Water Polo,Water Polo Men's Water Polo,Silver,23.0,171.0,77.0,1
1570.0,Ali Akacha,M,Algeria,ALG,1980 Summer,1980.0,Summer,Moskva,Handball,Handball Men's Handball,,25.0,177.0,75.0,1
7288.0,William Lee Ball,M,Canada,CAN,1936 Winter,1936.0,Winter,Garmisch-Partenkirchen,Nordic Combined,Nordic Combined Men's Individual,,29.0,168.0,70.0,1
6996.0,Mohd Bakar,M,Malaysia,MAS,1972 Summer,1972.0,Summer,Munich,Football,Football Men's Football,,33.0,185.0,85.0,1
636.0,Enrique Accorsi Teuthorn,M,Chile,CHI,1948 Summer,1948.0,Summer,London,Fencing,"Fencing Men's Foil, Individual",,20.0,196.0,82.0,1
5488.0,Karl Gsta sbrink,M,Sweden,SWE,1912 Summer,1912.0,Summer,Stockholm,Modern Pentathlon,Modern Pentathlon Men's Individual,Silver,28.0,178.0,69.0,1
7276.0,Alan Jerome Ball,M,United States,USA,1972 Summer,1972.0,Summer,Munich,Weightlifting,Weightlifting Men's Heavyweight,,28.0,176.0,82.0,1
726.0,Tanya Acosta,F,Argentina,ARG,2016 Summer,2016.0,Summer,Rio de Janeiro,Volleyball,Volleyball Women's Volleyball,,26.0,168.0,58.0,-1
2407.0,Ernesto Alciati,M,Italy,ITA,1924 Summer,1924.0,Summer,Paris,Athletics,Athletics Men's Marathon,,24.0,193.0,88.0,1
5723.0,Gloria Asumnu,F,Nigeria,NGR,2012 Summer,2012.0,Summer,London,Athletics,Athletics Women's 200 metres,,23.0,167.0,66.0,1
1812.0,Khaled Anwar Al-Awadhi,M,Kuwait,KUW,1984 Summer,1984.0,Summer,Los Angeles,Fencing,"Fencing Men's Foil, Individual",,20.0,175.0,75.0,1
